score,CAGR,TotalReturn,MaxDD,Sharpe,MAR,Bench_CAGR,lookbacks,weights,skip_recent,rebalance,n_positions_base,allow_two_when_spread,spread_threshold,abs_mom_gate_base,abs_mom_gate_scale_vol,max_weight_min,max_weight_max,cash_buffer_min,cash_buffer_max,use_regime,slow_down_in_chop,defensive_override,defensive_asset
20.70452580818592,0.2825607057012325,42.10806047961239,-0.2715278734021608,1.3210782582977556,1.0406324115488907,0.12754706819681783,"(84, 21, 7)","(0.4, 0.4, 0.2)",0,D,1,True,0.015,0.005,False,0.8,0.9,0.05,0.15,True,False,True,IAU
20.70452580818592,0.2825607057012325,42.10806047961239,-0.2715278734021608,1.3210782582977556,1.0406324115488907,0.12754706819681783,"(84, 21, 7)","(0.4, 0.4, 0.2)",0,D,1,True,0.015,0.005,False,0.8,0.9,0.05,0.15,True,False,True,IAU
20.70452580818592,0.2825607057012325,42.10806047961239,-0.2715278734021608,1.3210782582977556,1.0406324115488907,0.12754706819681783,"(84, 21, 7)","(0.4, 0.4, 0.2)",0,D,1,True,0.015,0.005,False,0.8,0.9,0.05,0.15,True,False,True,IAU
20.70452580818592,0.2825607057012325,42.10806047961239,-0.2715278734021608,1.3210782582977556,1.0406324115488907,0.12754706819681783,"(84, 21, 7)","(0.4, 0.4, 0.2)",0,D,1,True,0.015,0.005,False,0.8,0.9,0.05,0.15,True,False,True,IAU
20.70452580818592,0.2825607057012325,42.10806047961239,-0.2715278734021608,1.3210782582977556,1.0406324115488907,0.12754706819681783,"(84, 21, 7)","(0.4, 0.4, 0.2)",0,D,1,True,0.015,0.005,False,0.8,0.9,0.05,0.15,True,False,True,IAU
20.70452580818592,0.2825607057012325,42.10806047961239,-0.2715278734021608,1.3210782582977556,1.0406324115488907,0.12754706819681783,"(84, 21, 7)","(0.4, 0.4, 0.2)",0,D,1,True,0.015,0.005,False,0.8,0.9,0.05,0.15,True,False,True,IAU
20.70452580818592,0.2825607057012325,42.10806047961239,-0.2715278734021608,1.3210782582977556,1.0406324115488907,0.12754706819681783,"(84, 21, 7)","(0.4, 0.4, 0.2)",0,D,1,True,0.015,0.005,False,0.8,0.9,0.05,0.15,True,False,True,IAU
20.70452580818592,0.2825607057012325,42.10806047961239,-0.2715278734021608,1.3210782582977556,1.0406324115488907,0.12754706819681783,"(84, 21, 7)","(0.4, 0.4, 0.2)",0,D,1,True,0.015,0.005,False,0.8,0.9,0.05,0.15,True,False,True,IAU
20.70452580818592,0.2825607057012325,42.10806047961239,-0.2715278734021608,1.3210782582977556,1.0406324115488907,0.12754706819681783,"(84, 21, 7)","(0.4, 0.4, 0.2)",0,D,1,True,0.015,0.005,False,0.8,0.9,0.05,0.15,True,False,True,IAU
20.70452580818592,0.2825607057012325,42.10806047961239,-0.2715278734021608,1.3210782582977556,1.0406324115488907,0.12754706819681783,"(84, 21, 7)","(0.4, 0.4, 0.2)",0,D,1,True,0.015,0.005,False,0.8,0.9,0.05,0.15,True,False,True,IAU
20.70452580818592,0.2825607057012325,42.10806047961239,-0.2715278734021608,1.3210782582977556,1.0406324115488907,0.12754706819681783,"(84, 21, 7)","(0.4, 0.4, 0.2)",0,D,1,True,0.015,0.005,False,0.8,0.9,0.05,0.15,True,False,True,IAU
20.558385362382907,0.26999644017958624,36.1447476962048,-0.21382644884502322,1.3088372868468954,1.262689632821213,0.12754706819681783,"(84, 21, 7)","(0.4, 0.4, 0.2)",0,D,1,True,0.015,0.005,False,0.8,0.9,0.05,0.15,True,False,True,SHY
20.48344803125537,0.2806937204674025,41.16871383708575,-0.27152787329299954,1.3140829097693232,1.0337565608393813,0.12754706819681783,"(84, 21, 7)","(0.4, 0.4, 0.2)",0,D,1,True,0.015,0.005,True,0.8,0.9,0.05,0.15,True,False,True,IAU
20.47005073540658,0.27991985491611193,40.784987372529905,-0.26746803751480963,1.3247437914731983,1.046554412695434,0.12754706819681783,"(84, 21, 7)","(0.4, 0.4, 0.2)",0,D,1,True,0.015,0.005,False,0.8,0.9,0.08,0.15,True,False,True,IAU
20.47005073540658,0.27991985491611193,40.784987372529905,-0.26746803751480963,1.3247437914731983,1.046554412695434,0.12754706819681783,"(84, 21, 7)","(0.4, 0.4, 0.2)",0,D,1,True,0.015,0.005,False,0.8,0.9,0.08,0.15,True,False,True,IAU
20.47005073540658,0.27991985491611193,40.784987372529905,-0.26746803751480963,1.3247437914731983,1.046554412695434,0.12754706819681783,"(84, 21, 7)","(0.4, 0.4, 0.2)",0,D,1,True,0.015,0.005,False,0.8,0.9,0.08,0.15,True,False,True,IAU
19.942568710260446,0.2743042200619741,38.09658911576811,-0.26040615979285775,1.3214837949410412,1.0533707047489647,0.12754706819681783,"(84, 21, 7)","(0.4, 0.4, 0.2)",0,D,1,True,0.015,0.005,False,0.8,0.9,0.08,0.2,True,False,True,GLD
19.942568710260446,0.2743042200619741,38.09658911576811,-0.26040615979285775,1.3214837949410412,1.0533707047489647,0.12754706819681783,"(84, 21, 7)","(0.4, 0.4, 0.2)",0,D,1,True,0.015,0.005,False,0.8,0.9,0.08,0.2,True,False,True,GLD
19.942568710260446,0.2743042200619741,38.09658911576811,-0.26040615979285775,1.3214837949410412,1.0533707047489647,0.12754706819681783,"(84, 21, 7)","(0.4, 0.4, 0.2)",0,D,1,True,0.015,0.005,False,0.8,0.9,0.08,0.2,True,False,True,GLD
19.942568710260446,0.2743042200619741,38.09658911576811,-0.26040615979285775,1.3214837949410412,1.0533707047489647,0.12754706819681783,"(84, 21, 7)","(0.4, 0.4, 0.2)",0,D,1,True,0.015,0.005,False,0.8,0.9,0.08,0.2,True,False,True,GLD
19.86710765201035,0.27545144606174143,38.63231346314923,-0.27129146995816744,1.2934462829780389,1.0153339731035975,0.12754706819681783,"(84, 21, 7)","(0.4, 0.4, 0.2)",0,D,1,True,0.015,0.01,False,0.8,0.9,0.05,0.15,True,False,True,GLD
19.646980057171902,0.2729854528057969,37.48911727883568,-0.2674680367531975,1.2975591994352633,1.0206283192547994,0.12754706819681783,"(84, 21, 7)","(0.4, 0.4, 0.2)",0,D,1,True,0.015,0.01,False,0.8,0.9,0.08,0.15,True,False,True,IAU
19.646980057171902,0.2729854528057969,37.48911727883568,-0.2674680367531975,1.2975591994352633,1.0206283192547994,0.12754706819681783,"(84, 21, 7)","(0.4, 0.4, 0.2)",0,D,1,True,0.015,0.01,False,0.8,0.9,0.08,0.15,True,False,True,IAU
19.556566402931132,0.27218571153645943,37.125033194863036,-0.26723113570206447,1.2943391607516992,1.0185404137933942,0.12754706819681783,"(84, 21, 7)","(0.4, 0.4, 0.2)",0,D,1,True,0.015,0.01,True,0.8,0.9,0.08,0.15,True,False,True,GLD
19.556566402931132,0.27218571153645943,37.125033194863036,-0.26723113570206447,1.2943391607516992,1.0185404137933942,0.12754706819681783,"(84, 21, 7)","(0.4, 0.4, 0.2)",0,D,1,True,0.015,0.01,True,0.8,0.9,0.08,0.15,True,False,True,GLD
19.556566402931132,0.27218571153645943,37.125033194863036,-0.26723113570206447,1.2943391607516992,1.0185404137933942,0.12754706819681783,"(84, 21, 7)","(0.4, 0.4, 0.2)",0,D,1,True,0.015,0.01,True,0.8,0.9,0.08,0.15,True,False,True,GLD
19.41716462817551,0.2665411602812402,34.64535112007827,-0.2415304231572163,1.1878749653519896,1.1035510839466547,0.12754706819681783,"(84, 21, 7)","(0.4, 0.4, 0.2)",0,D,1,False,0.015,0.005,False,0.8,0.9,0.05,0.15,True,False,True,IAU
19.399015137244117,0.26639079350355965,34.58140195973798,-0.2415304240987366,1.1871650043892885,1.1029285213139868,0.12754706819681783,"(84, 21, 7)","(0.4, 0.4, 0.2)",0,D,1,False,0.015,0.005,False,0.8,0.9,0.05,0.15,True,False,True,GLD
19.399015137244117,0.26639079350355965,34.58140195973798,-0.2415304240987366,1.1871650043892885,1.1029285213139868,0.12754706819681783,"(84, 21, 7)","(0.4, 0.4, 0.2)",0,D,1,False,0.015,0.005,False,0.8,0.9,0.05,0.15,True,False,True,GLD
19.399015137244117,0.26639079350355965,34.58140195973798,-0.2415304240987366,1.1871650043892885,1.1029285213139868,0.12754706819681783,"(84, 21, 7)","(0.4, 0.4, 0.2)",0,D,1,False,0.015,0.005,False,0.8,0.9,0.05,0.15,True,False,True,GLD
19.399015137244117,0.26639079350355965,34.58140195973798,-0.2415304240987366,1.1871650043892885,1.1029285213139868,0.12754706819681783,"(84, 21, 7)","(0.4, 0.4, 0.2)",0,D,1,False,0.015,0.005,False,0.8,0.9,0.05,0.15,True,False,True,GLD
19.399015137244117,0.26639079350355965,34.58140195973798,-0.2415304240987366,1.1871650043892885,1.1029285213139868,0.12754706819681783,"(84, 21, 7)","(0.4, 0.4, 0.2)",0,D,1,False,0.015,0.005,False,0.8,0.9,0.05,0.15,True,False,True,GLD
19.399015137244117,0.26639079350355965,34.58140195973798,-0.2415304240987366,1.1871650043892885,1.1029285213139868,0.12754706819681783,"(84, 21, 7)","(0.4, 0.4, 0.2)",0,D,1,False,0.015,0.005,False,0.8,0.9,0.05,0.15,True,False,True,GLD
19.399015137244117,0.26639079350355965,34.58140195973798,-0.2415304240987366,1.1871650043892885,1.1029285213139868,0.12754706819681783,"(84, 21, 7)","(0.4, 0.4, 0.2)",0,D,1,False,0.015,0.005,False,0.8,0.9,0.05,0.15,True,False,True,GLD
19.399015137244117,0.26639079350355965,34.58140195973798,-0.2415304240987366,1.1871650043892885,1.1029285213139868,0.12754706819681783,"(84, 21, 7)","(0.4, 0.4, 0.2)",0,D,1,False,0.015,0.005,False,0.8,0.9,0.05,0.15,True,False,True,GLD
19.399015137244117,0.26639079350355965,34.58140195973798,-0.2415304240987366,1.1871650043892885,1.1029285213139868,0.12754706819681783,"(84, 21, 7)","(0.4, 0.4, 0.2)",0,D,1,False,0.015,0.005,False,0.8,0.9,0.05,0.15,True,False,True,GLD
19.399015137244117,0.26639079350355965,34.58140195973798,-0.2415304240987366,1.1871650043892885,1.1029285213139868,0.12754706819681783,"(84, 21, 7)","(0.4, 0.4, 0.2)",0,D,1,False,0.015,0.005,False,0.8,0.9,0.05,0.15,True,False,True,GLD
19.399015137244117,0.26639079350355965,34.58140195973798,-0.2415304240987366,1.1871650043892885,1.1029285213139868,0.12754706819681783,"(84, 21, 7)","(0.4, 0.4, 0.2)",0,D,1,False,0.015,0.005,False,0.8,0.9,0.05,0.15,True,False,True,GLD
19.399015137244117,0.26639079350355965,34.58140195973798,-0.2415304240987366,1.1871650043892885,1.1029285213139868,0.12754706819681783,"(84, 21, 7)","(0.4, 0.4, 0.2)",0,D,1,False,0.015,0.005,False,0.8,0.9,0.05,0.15,True,False,True,GLD
19.399015137244117,0.26639079350355965,34.58140195973798,-0.2415304240987366,1.1871650043892885,1.1029285213139868,0.12754706819681783,"(84, 21, 7)","(0.4, 0.4, 0.2)",0,D,1,False,0.015,0.005,False,0.8,0.9,0.05,0.15,True,False,True,GLD
19.399015137244117,0.26639079350355965,34.58140195973798,-0.2415304240987366,1.1871650043892885,1.1029285213139868,0.12754706819681783,"(84, 21, 7)","(0.4, 0.4, 0.2)",0,D,1,False,0.015,0.005,False,0.8,0.9,0.05,0.15,True,False,True,GLD
19.399015137244117,0.26639079350355965,34.58140195973798,-0.2415304240987366,1.1871650043892885,1.1029285213139868,0.12754706819681783,"(84, 21, 7)","(0.4, 0.4, 0.2)",0,D,1,False,0.015,0.005,False,0.8,0.9,0.05,0.15,True,False,True,GLD
19.399015137244117,0.26639079350355965,34.58140195973798,-0.2415304240987366,1.1871650043892885,1.1029285213139868,0.12754706819681783,"(84, 21, 7)","(0.4, 0.4, 0.2)",0,D,1,False,0.015,0.005,False,0.8,0.9,0.05,0.15,True,False,True,GLD
19.166313840842644,0.26446287210140085,33.77091688554095,-0.2415303635310636,1.1832822934961724,1.0949466900768683,0.12754706819681783,"(84, 21, 7)","(0.4, 0.4, 0.2)",0,D,1,False,0.015,0.005,True,0.8,1.0,0.05,0.2,True,False,True,GLD
19.166313840842644,0.26446287210140085,33.77091688554095,-0.2415303635310636,1.1832822934961724,1.0949466900768683,0.12754706819681783,"(84, 21, 7)","(0.4, 0.4, 0.2)",0,D,1,False,0.015,0.005,True,0.8,1.0,0.05,0.2,True,False,True,GLD
19.166313840842644,0.26446287210140085,33.77091688554095,-0.2415303635310636,1.1832822934961724,1.0949466900768683,0.12754706819681783,"(84, 21, 7)","(0.4, 0.4, 0.2)",0,D,1,False,0.015,0.005,True,0.8,1.0,0.05,0.2,True,False,True,GLD
19.166313840842644,0.26446287210140085,33.77091688554095,-0.2415303635310636,1.1832822934961724,1.0949466900768683,0.12754706819681783,"(84, 21, 7)","(0.4, 0.4, 0.2)",0,D,1,False,0.015,0.005,True,0.8,1.0,0.05,0.2,True,False,True,GLD
19.166313840842644,0.26446287210140085,33.77091688554095,-0.2415303635310636,1.1832822934961724,1.0949466900768683,0.12754706819681783,"(84, 21, 7)","(0.4, 0.4, 0.2)",0,D,1,False,0.015,0.005,True,0.8,1.0,0.05,0.2,True,False,True,GLD
19.166313840842644,0.26446287210140085,33.77091688554095,-0.2415303635310636,1.1832822934961724,1.0949466900768683,0.12754706819681783,"(84, 21, 7)","(0.4, 0.4, 0.2)",0,D,1,False,0.015,0.005,True,0.8,1.0,0.05,0.2,True,False,True,GLD
19.166313840842644,0.26446287210140085,33.77091688554095,-0.2415303635310636,1.1832822934961724,1.0949466900768683,0.12754706819681783,"(84, 21, 7)","(0.4, 0.4, 0.2)",0,D,1,False,0.015,0.005,True,0.8,1.0,0.05,0.2,True,False,True,GLD
18.431221633729336,0.261975087763582,32.75053641641057,-0.26258324752494855,1.2188564384501996,0.9976839354105835,0.12754706819681783,"(84, 21, 7)","(0.4, 0.4, 0.2)",0,D,1,True,0.015,0.005,False,0.8,1.0,0.05,0.15,False,False,True,IAU
18.431221633729336,0.261975087763582,32.75053641641057,-0.26258324752494855,1.2188564384501996,0.9976839354105835,0.12754706819681783,"(84, 21, 7)","(0.4, 0.4, 0.2)",0,D,1,True,0.015,0.005,False,0.8,1.0,0.05,0.15,False,False,True,IAU
18.431221633729336,0.261975087763582,32.75053641641057,-0.26258324752494855,1.2188564384501996,0.9976839354105835,0.12754706819681783,"(84, 21, 7)","(0.4, 0.4, 0.2)",0,D,1,True,0.015,0.005,False,0.8,1.0,0.05,0.15,False,False,True,IAU
18.431221633729336,0.261975087763582,32.75053641641057,-0.26258324752494855,1.2188564384501996,0.9976839354105835,0.12754706819681783,"(84, 21, 7)","(0.4, 0.4, 0.2)",0,D,1,True,0.015,0.005,False,0.8,1.0,0.05,0.15,False,False,True,IAU
18.431221633729336,0.261975087763582,32.75053641641057,-0.26258324752494855,1.2188564384501996,0.9976839354105835,0.12754706819681783,"(84, 21, 7)","(0.4, 0.4, 0.2)",0,D,1,True,0.015,0.005,False,0.8,1.0,0.05,0.15,False,False,True,IAU
18.431221633729336,0.261975087763582,32.75053641641057,-0.26258324752494855,1.2188564384501996,0.9976839354105835,0.12754706819681783,"(84, 21, 7)","(0.4, 0.4, 0.2)",0,D,1,True,0.015,0.005,False,0.8,1.0,0.05,0.15,False,False,True,IAU
18.230555816161154,0.26028940928998967,32.075113139584886,-0.26258324689715695,1.2124634723439196,0.9912643413687938,0.12754706819681783,"(84, 21, 7)","(0.4, 0.4, 0.2)",0,D,1,True,0.015,0.005,True,0.8,1.0,0.05,0.15,True,False,False,IAU
18.230555816161154,0.26028940928998967,32.075113139584886,-0.26258324689715695,1.2124634723439196,0.9912643413687938,0.12754706819681783,"(84, 21, 7)","(0.4, 0.4, 0.2)",0,D,1,True,0.015,0.005,True,0.8,1.0,0.05,0.15,True,False,False,IAU
18.230555816161154,0.26028940928998967,32.075113139584886,-0.26258324689715695,1.2124634723439196,0.9912643413687938,0.12754706819681783,"(84, 21, 7)","(0.4, 0.4, 0.2)",0,D,1,True,0.015,0.005,True,0.8,1.0,0.05,0.15,True,False,False,IAU
18.230555816161154,0.26028940928998967,32.075113139584886,-0.26258324689715695,1.2124634723439196,0.9912643413687938,0.12754706819681783,"(84, 21, 7)","(0.4, 0.4, 0.2)",0,D,1,True,0.015,0.005,True,0.8,1.0,0.05,0.15,True,False,False,IAU
18.20476160325253,0.2607635995349995,32.263825974591064,-0.26700574149359946,1.2159264724218088,0.9766216938868725,0.12754706819681783,"(84, 21, 7)","(0.4, 0.4, 0.2)",0,D,1,True,0.015,0.01,False,0.8,1.0,0.05,0.15,False,True,False,IEF
18.20476160325253,0.2607635995349995,32.263825974591064,-0.26700574149359946,1.2159264724218088,0.9766216938868725,0.12754706819681783,"(84, 21, 7)","(0.4, 0.4, 0.2)",0,D,1,True,0.015,0.01,False,0.8,1.0,0.05,0.15,False,True,False,IEF
18.20476160325253,0.2607635995349995,32.263825974591064,-0.26700574149359946,1.2159264724218088,0.9766216938868725,0.12754706819681783,"(84, 21, 7)","(0.4, 0.4, 0.2)",0,D,1,True,0.015,0.01,False,0.8,1.0,0.05,0.15,False,True,False,IEF
18.20476160325253,0.2607635995349995,32.263825974591064,-0.26700574149359946,1.2159264724218088,0.9766216938868725,0.12754706819681783,"(84, 21, 7)","(0.4, 0.4, 0.2)",0,D,1,True,0.015,0.01,False,0.8,1.0,0.05,0.15,False,True,False,IEF
18.20476160325253,0.2607635995349995,32.263825974591064,-0.26700574149359946,1.2159264724218088,0.9766216938868725,0.12754706819681783,"(84, 21, 7)","(0.4, 0.4, 0.2)",0,D,1,True,0.015,0.01,False,0.8,1.0,0.05,0.15,False,True,False,IEF
18.20476160325253,0.2607635995349995,32.263825974591064,-0.26700574149359946,1.2159264724218088,0.9766216938868725,0.12754706819681783,"(84, 21, 7)","(0.4, 0.4, 0.2)",0,D,1,True,0.015,0.01,False,0.8,1.0,0.05,0.15,False,True,False,IEF
18.20476160325253,0.2607635995349995,32.263825974591064,-0.26700574149359946,1.2159264724218088,0.9766216938868725,0.12754706819681783,"(84, 21, 7)","(0.4, 0.4, 0.2)",0,D,1,True,0.015,0.01,False,0.8,1.0,0.05,0.15,False,True,False,IEF
18.20476160325253,0.2607635995349995,32.263825974591064,-0.26700574149359946,1.2159264724218088,0.9766216938868725,0.12754706819681783,"(84, 21, 7)","(0.4, 0.4, 0.2)",0,D,1,True,0.015,0.01,False,0.8,1.0,0.05,0.15,False,True,False,IEF
18.20476160325253,0.2607635995349995,32.263825974591064,-0.26700574149359946,1.2159264724218088,0.9766216938868725,0.12754706819681783,"(84, 21, 7)","(0.4, 0.4, 0.2)",0,D,1,True,0.015,0.01,False,0.8,1.0,0.05,0.15,False,True,False,IEF
18.20476160325253,0.2607635995349995,32.263825974591064,-0.26700574149359946,1.2159264724218088,0.9766216938868725,0.12754706819681783,"(84, 21, 7)","(0.4, 0.4, 0.2)",0,D,1,True,0.015,0.01,False,0.8,1.0,0.05,0.15,False,True,False,IEF
18.20476160325253,0.2607635995349995,32.263825974591064,-0.26700574149359946,1.2159264724218088,0.9766216938868725,0.12754706819681783,"(84, 21, 7)","(0.4, 0.4, 0.2)",0,D,1,True,0.015,0.01,False,0.8,1.0,0.05,0.15,False,True,False,IEF
18.20476160325253,0.2607635995349995,32.263825974591064,-0.26700574149359946,1.2159264724218088,0.9766216938868725,0.12754706819681783,"(84, 21, 7)","(0.4, 0.4, 0.2)",0,D,1,True,0.015,0.01,True,0.8,1.0,0.05,0.15,False,True,True,GLD
18.20476160325253,0.2607635995349995,32.263825974591064,-0.26700574149359946,1.2159264724218088,0.9766216938868725,0.12754706819681783,"(84, 21, 7)","(0.4, 0.4, 0.2)",0,D,1,True,0.015,0.01,False,0.8,1.0,0.05,0.15,False,True,False,IEF
18.20476160325253,0.2607635995349995,32.263825974591064,-0.26700574149359946,1.2159264724218088,0.9766216938868725,0.12754706819681783,"(84, 21, 7)","(0.4, 0.4, 0.2)",0,D,1,True,0.015,0.01,True,0.8,1.0,0.05,0.15,False,True,True,GLD
18.20476160325253,0.2607635995349995,32.263825974591064,-0.26700574149359946,1.2159264724218088,0.9766216938868725,0.12754706819681783,"(84, 21, 7)","(0.4, 0.4, 0.2)",0,D,1,True,0.015,0.01,False,0.8,1.0,0.05,0.15,False,True,False,IEF
18.20476160325253,0.2607635995349995,32.263825974591064,-0.26700574149359946,1.2159264724218088,0.9766216938868725,0.12754706819681783,"(84, 21, 7)","(0.4, 0.4, 0.2)",0,D,1,True,0.015,0.01,True,0.8,1.0,0.05,0.15,False,True,True,GLD
18.20476160325253,0.2607635995349995,32.263825974591064,-0.26700574149359946,1.2159264724218088,0.9766216938868725,0.12754706819681783,"(84, 21, 7)","(0.4, 0.4, 0.2)",0,D,1,True,0.015,0.01,False,0.8,1.0,0.05,0.15,False,True,False,IEF
18.20476160325253,0.2607635995349995,32.263825974591064,-0.26700574149359946,1.2159264724218088,0.9766216938868725,0.12754706819681783,"(84, 21, 7)","(0.4, 0.4, 0.2)",0,D,1,True,0.015,0.01,True,0.8,1.0,0.05,0.15,False,True,True,GLD
18.20476160325253,0.2607635995349995,32.263825974591064,-0.26700574149359946,1.2159264724218088,0.9766216938868725,0.12754706819681783,"(84, 21, 7)","(0.4, 0.4, 0.2)",0,D,1,True,0.015,0.01,False,0.8,1.0,0.05,0.15,False,True,False,IEF
18.20476160325253,0.2607635995349995,32.263825974591064,-0.26700574149359946,1.2159264724218088,0.9766216938868725,0.12754706819681783,"(84, 21, 7)","(0.4, 0.4, 0.2)",0,D,1,True,0.015,0.01,True,0.8,1.0,0.05,0.15,False,True,True,GLD
18.20476160325253,0.2607635995349995,32.263825974591064,-0.26700574149359946,1.2159264724218088,0.9766216938868725,0.12754706819681783,"(84, 21, 7)","(0.4, 0.4, 0.2)",0,D,1,True,0.015,0.01,True,0.8,1.0,0.05,0.15,False,False,False,IAU
18.20476160325253,0.2607635995349995,32.263825974591064,-0.26700574149359946,1.2159264724218088,0.9766216938868725,0.12754706819681783,"(84, 21, 7)","(0.4, 0.4, 0.2)",0,D,1,True,0.015,0.01,False,0.8,1.0,0.05,0.15,False,True,False,IEF
18.20476160325253,0.2607635995349995,32.263825974591064,-0.26700574149359946,1.2159264724218088,0.9766216938868725,0.12754706819681783,"(84, 21, 7)","(0.4, 0.4, 0.2)",0,D,1,True,0.015,0.01,True,0.8,1.0,0.05,0.15,False,True,True,GLD
18.20476160325253,0.2607635995349995,32.263825974591064,-0.26700574149359946,1.2159264724218088,0.9766216938868725,0.12754706819681783,"(84, 21, 7)","(0.4, 0.4, 0.2)",0,D,1,True,0.015,0.01,True,0.8,1.0,0.05,0.15,False,False,False,IAU
18.20476160325253,0.2607635995349995,32.263825974591064,-0.26700574149359946,1.2159264724218088,0.9766216938868725,0.12754706819681783,"(84, 21, 7)","(0.4, 0.4, 0.2)",0,D,1,True,0.015,0.01,False,0.8,1.0,0.05,0.15,False,True,False,IEF
18.20476160325253,0.2607635995349995,32.263825974591064,-0.26700574149359946,1.2159264724218088,0.9766216938868725,0.12754706819681783,"(84, 21, 7)","(0.4, 0.4, 0.2)",0,D,1,True,0.015,0.01,True,0.8,1.0,0.05,0.15,False,True,True,GLD
18.20476160325253,0.2607635995349995,32.263825974591064,-0.26700574149359946,1.2159264724218088,0.9766216938868725,0.12754706819681783,"(84, 21, 7)","(0.4, 0.4, 0.2)",0,D,1,True,0.015,0.01,True,0.8,1.0,0.05,0.15,False,False,False,IAU
18.20476160325253,0.2607635995349995,32.263825974591064,-0.26700574149359946,1.2159264724218088,0.9766216938868725,0.12754706819681783,"(84, 21, 7)","(0.4, 0.4, 0.2)",0,D,1,True,0.015,0.01,False,0.8,1.0,0.05,0.15,False,True,False,IEF
18.20476160325253,0.2607635995349995,32.263825974591064,-0.26700574149359946,1.2159264724218088,0.9766216938868725,0.12754706819681783,"(84, 21, 7)","(0.4, 0.4, 0.2)",0,D,1,True,0.015,0.01,True,0.8,1.0,0.05,0.15,False,True,True,GLD
18.20476160325253,0.2607635995349995,32.263825974591064,-0.26700574149359946,1.2159264724218088,0.9766216938868725,0.12754706819681783,"(84, 21, 7)","(0.4, 0.4, 0.2)",0,D,1,True,0.015,0.01,True,0.8,1.0,0.05,0.15,False,False,False,IAU
18.20476160325253,0.2607635995349995,32.263825974591064,-0.26700574149359946,1.2159264724218088,0.9766216938868725,0.12754706819681783,"(84, 21, 7)","(0.4, 0.4, 0.2)",0,D,1,True,0.015,0.01,False,0.8,1.0,0.05,0.15,False,True,False,IEF
18.20476160325253,0.2607635995349995,32.263825974591064,-0.26700574149359946,1.2159264724218088,0.9766216938868725,0.12754706819681783,"(84, 21, 7)","(0.4, 0.4, 0.2)",0,D,1,True,0.015,0.01,True,0.8,1.0,0.05,0.15,False,True,True,GLD
18.20476160325253,0.2607635995349995,32.263825974591064,-0.26700574149359946,1.2159264724218088,0.9766216938868725,0.12754706819681783,"(84, 21, 7)","(0.4, 0.4, 0.2)",0,D,1,True,0.015,0.01,True,0.8,1.0,0.05,0.15,False,False,False,IAU
18.20476160325253,0.2607635995349995,32.263825974591064,-0.26700574149359946,1.2159264724218088,0.9766216938868725,0.12754706819681783,"(84, 21, 7)","(0.4, 0.4, 0.2)",0,D,1,True,0.015,0.01,False,0.8,1.0,0.05,0.15,False,True,False,IEF
18.20476160325253,0.2607635995349995,32.263825974591064,-0.26700574149359946,1.2159264724218088,0.9766216938868725,0.12754706819681783,"(84, 21, 7)","(0.4, 0.4, 0.2)",0,D,1,True,0.015,0.01,True,0.8,1.0,0.05,0.15,False,True,True,GLD
18.20476160325253,0.2607635995349995,32.263825974591064,-0.26700574149359946,1.2159264724218088,0.9766216938868725,0.12754706819681783,"(84, 21, 7)","(0.4, 0.4, 0.2)",0,D,1,True,0.015,0.01,True,0.8,1.0,0.05,0.15,False,False,False,IAU
18.20476160325253,0.2607635995349995,32.263825974591064,-0.26700574149359946,1.2159264724218088,0.9766216938868725,0.12754706819681783,"(84, 21, 7)","(0.4, 0.4, 0.2)",0,D,1,True,0.015,0.01,False,0.8,1.0,0.05,0.15,False,True,False,IEF
18.20476160325253,0.2607635995349995,32.263825974591064,-0.26700574149359946,1.2159264724218088,0.9766216938868725,0.12754706819681783,"(84, 21, 7)","(0.4, 0.4, 0.2)",0,D,1,True,0.015,0.01,True,0.8,1.0,0.05,0.15,False,True,True,GLD
18.20476160325253,0.2607635995349995,32.263825974591064,-0.26700574149359946,1.2159264724218088,0.9766216938868725,0.12754706819681783,"(84, 21, 7)","(0.4, 0.4, 0.2)",0,D,1,True,0.015,0.01,False,0.8,1.0,0.05,0.15,False,True,False,IEF
18.20476160325253,0.2607635995349995,32.263825974591064,-0.26700574149359946,1.2159264724218088,0.9766216938868725,0.12754706819681783,"(84, 21, 7)","(0.4, 0.4, 0.2)",0,D,1,True,0.015,0.01,True,0.8,1.0,0.05,0.15,False,True,True,GLD
18.20476160325253,0.2607635995349995,32.263825974591064,-0.26700574149359946,1.2159264724218088,0.9766216938868725,0.12754706819681783,"(84, 21, 7)","(0.4, 0.4, 0.2)",0,D,1,True,0.015,0.01,False,0.8,1.0,0.05,0.15,False,True,False,IEF
18.202409413792253,0.2610488456840434,32.377828849275616,-0.2689987450138511,1.2182270756181866,0.9704463330139389,0.12754706819681783,"(126, 42, 21)","(0.5, 0.4, 0.1)",0,D,1,True,0.015,0.005,True,0.8,1.0,0.08,0.15,True,False,True,IAU
18.171338926742102,0.25928506416658936,31.67871189978834,-0.25941273000325193,1.1994424455812578,0.9995078659529893,0.12754706819681783,"(84, 21, 7)","(0.4, 0.4, 0.2)",0,D,1,True,0.03,0.005,False,0.8,1.0,0.08,0.15,False,True,False,IEF
18.171338926742102,0.25928506416658936,31.67871189978834,-0.25941273000325193,1.1994424455812578,0.9995078659529893,0.12754706819681783,"(84, 21, 7)","(0.4, 0.4, 0.2)",0,D,1,True,0.03,0.005,False,0.8,1.0,0.08,0.15,False,True,False,IEF
18.171338926742102,0.25928506416658936,31.67871189978834,-0.25941273000325193,1.1994424455812578,0.9995078659529893,0.12754706819681783,"(84, 21, 7)","(0.4, 0.4, 0.2)",0,D,1,True,0.03,0.005,False,0.8,1.0,0.08,0.15,False,True,False,IEF
18.171338926742102,0.25928506416658936,31.67871189978834,-0.25941273000325193,1.1994424455812578,0.9995078659529893,0.12754706819681783,"(84, 21, 7)","(0.4, 0.4, 0.2)",0,D,1,True,0.03,0.005,False,0.8,1.0,0.08,0.15,False,True,False,IEF
18.171338926742102,0.25928506416658936,31.67871189978834,-0.25941273000325193,1.1994424455812578,0.9995078659529893,0.12754706819681783,"(84, 21, 7)","(0.4, 0.4, 0.2)",0,D,1,True,0.03,0.005,False,0.8,1.0,0.08,0.15,False,True,False,IEF
18.171338926742102,0.25928506416658936,31.67871189978834,-0.25941273000325193,1.1994424455812578,0.9995078659529893,0.12754706819681783,"(84, 21, 7)","(0.4, 0.4, 0.2)",0,D,1,True,0.03,0.005,False,0.8,1.0,0.08,0.15,False,True,False,IEF
18.171338926742102,0.25928506416658936,31.67871189978834,-0.25941273000325193,1.1994424455812578,0.9995078659529893,0.12754706819681783,"(84, 21, 7)","(0.4, 0.4, 0.2)",0,D,1,True,0.03,0.005,False,0.8,1.0,0.08,0.15,False,True,False,IEF
18.171338926742102,0.25928506416658936,31.67871189978834,-0.25941273000325193,1.1994424455812578,0.9995078659529893,0.12754706819681783,"(84, 21, 7)","(0.4, 0.4, 0.2)",0,D,1,True,0.03,0.005,False,0.8,1.0,0.08,0.15,False,True,False,IEF
18.171338926742102,0.25928506416658936,31.67871189978834,-0.25941273000325193,1.1994424455812578,0.9995078659529893,0.12754706819681783,"(84, 21, 7)","(0.4, 0.4, 0.2)",0,D,1,True,0.03,0.005,False,0.8,1.0,0.08,0.15,False,True,False,IEF
18.1110673827245,0.2586440427203833,31.42803382062762,-0.258573197265329,1.2220332063220831,1.0002739860735899,0.12754706819681783,"(84, 21, 7)","(0.4, 0.4, 0.2)",0,D,1,True,0.015,0.005,False,0.8,0.9,0.08,0.15,False,True,True,IAU
18.1110673827245,0.2586440427203833,31.42803382062762,-0.258573197265329,1.2220332063220831,1.0002739860735899,0.12754706819681783,"(84, 21, 7)","(0.4, 0.4, 0.2)",0,D,1,True,0.015,0.005,False,0.8,0.9,0.08,0.15,False,True,True,IAU
18.1110673827245,0.2586440427203833,31.42803382062762,-0.258573197265329,1.2220332063220831,1.0002739860735899,0.12754706819681783,"(84, 21, 7)","(0.4, 0.4, 0.2)",0,D,1,True,0.015,0.005,False,0.8,0.9,0.08,0.15,False,True,True,IAU
18.1110673827245,0.2586440427203833,31.42803382062762,-0.258573197265329,1.2220332063220831,1.0002739860735899,0.12754706819681783,"(84, 21, 7)","(0.4, 0.4, 0.2)",0,D,1,True,0.015,0.005,False,0.8,0.9,0.08,0.15,False,True,True,IAU
18.1110673827245,0.2586440427203833,31.42803382062762,-0.258573197265329,1.2220332063220831,1.0002739860735899,0.12754706819681783,"(84, 21, 7)","(0.4, 0.4, 0.2)",0,D,1,True,0.015,0.005,False,0.8,0.9,0.08,0.15,False,True,True,IAU
18.1110673827245,0.2586440427203833,31.42803382062762,-0.258573197265329,1.2220332063220831,1.0002739860735899,0.12754706819681783,"(84, 21, 7)","(0.4, 0.4, 0.2)",0,D,1,True,0.015,0.005,False,0.8,0.9,0.08,0.15,False,True,True,IAU
18.1110673827245,0.2586440427203833,31.42803382062762,-0.258573197265329,1.2220332063220831,1.0002739860735899,0.12754706819681783,"(84, 21, 7)","(0.4, 0.4, 0.2)",0,D,1,True,0.015,0.005,False,0.8,0.9,0.08,0.15,False,True,True,IAU
18.1110673827245,0.2586440427203833,31.42803382062762,-0.258573197265329,1.2220332063220831,1.0002739860735899,0.12754706819681783,"(84, 21, 7)","(0.4, 0.4, 0.2)",0,D,1,True,0.015,0.005,False,0.8,0.9,0.08,0.15,False,True,True,IAU
18.1110673827245,0.2586440427203833,31.42803382062762,-0.258573197265329,1.2220332063220831,1.0002739860735899,0.12754706819681783,"(84, 21, 7)","(0.4, 0.4, 0.2)",0,D,1,True,0.015,0.005,False,0.8,0.9,0.08,0.15,False,True,True,IAU
18.1110673827245,0.2586440427203833,31.42803382062762,-0.258573197265329,1.2220332063220831,1.0002739860735899,0.12754706819681783,"(84, 21, 7)","(0.4, 0.4, 0.2)",0,D,1,True,0.015,0.005,False,0.8,0.9,0.08,0.15,False,True,True,IAU
18.1110673827245,0.2586440427203833,31.42803382062762,-0.258573197265329,1.2220332063220831,1.0002739860735899,0.12754706819681783,"(84, 21, 7)","(0.4, 0.4, 0.2)",0,D,1,True,0.015,0.005,False,0.8,0.9,0.08,0.15,False,True,True,IAU
18.1110673827245,0.2586440427203833,31.42803382062762,-0.258573197265329,1.2220332063220831,1.0002739860735899,0.12754706819681783,"(84, 21, 7)","(0.4, 0.4, 0.2)",0,D,1,True,0.015,0.005,False,0.8,0.9,0.08,0.15,False,True,True,IAU
18.1110673827245,0.2586440427203833,31.42803382062762,-0.258573197265329,1.2220332063220831,1.0002739860735899,0.12754706819681783,"(84, 21, 7)","(0.4, 0.4, 0.2)",0,D,1,True,0.015,0.005,False,0.8,0.9,0.08,0.15,False,True,True,IAU
18.107296004724528,0.2598965225915213,31.919514437813525,-0.2667054834322693,1.2152301347948133,0.9744701130508359,0.12754706819681783,"(84, 21, 7)","(0.4, 0.4, 0.2)",0,D,1,True,0.015,0.01,True,0.8,0.9,0.05,0.15,False,True,False,IAU
18.107296004724528,0.2598965225915213,31.919514437813525,-0.2667054834322693,1.2152301347948133,0.9744701130508359,0.12754706819681783,"(84, 21, 7)","(0.4, 0.4, 0.2)",0,D,1,True,0.015,0.01,True,0.8,0.9,0.05,0.15,False,True,False,IAU
18.107296004724528,0.2598965225915213,31.919514437813525,-0.2667054834322693,1.2152301347948133,0.9744701130508359,0.12754706819681783,"(84, 21, 7)","(0.4, 0.4, 0.2)",0,D,1,True,0.015,0.01,True,0.8,0.9,0.05,0.15,False,False,False,IAU
18.107296004724528,0.2598965225915213,31.919514437813525,-0.2667054834322693,1.2152301347948133,0.9744701130508359,0.12754706819681783,"(84, 21, 7)","(0.4, 0.4, 0.2)",0,D,1,True,0.015,0.01,True,0.8,0.9,0.05,0.15,False,True,False,IAU
18.107296004724528,0.2598965225915213,31.919514437813525,-0.2667054834322693,1.2152301347948133,0.9744701130508359,0.12754706819681783,"(84, 21, 7)","(0.4, 0.4, 0.2)",0,D,1,True,0.015,0.01,True,0.8,0.9,0.05,0.15,False,False,False,IAU
18.107296004724528,0.2598965225915213,31.919514437813525,-0.2667054834322693,1.2152301347948133,0.9744701130508359,0.12754706819681783,"(84, 21, 7)","(0.4, 0.4, 0.2)",0,D,1,True,0.015,0.01,True,0.8,0.9,0.05,0.15,False,False,False,IAU
18.08393163970005,0.25549543797712415,30.222600324429795,-0.24153040767895906,1.1525653212790177,1.0578189323338838,0.12754706819681783,"(84, 21, 7)","(0.4, 0.4, 0.2)",0,D,1,False,0.015,0.015,False,0.8,0.9,0.08,0.2,True,False,True,GLD
18.08393163970005,0.25549543797712415,30.222600324429795,-0.24153040767895906,1.1525653212790177,1.0578189323338838,0.12754706819681783,"(84, 21, 7)","(0.4, 0.4, 0.2)",0,D,1,False,0.015,0.015,False,0.8,0.9,0.08,0.2,True,False,True,GLD
18.08393163970005,0.25549543797712415,30.222600324429795,-0.24153040767895906,1.1525653212790177,1.0578189323338838,0.12754706819681783,"(84, 21, 7)","(0.4, 0.4, 0.2)",0,D,1,False,0.01,0.015,False,0.8,0.9,0.05,0.2,True,False,True,GLD
18.07528964720118,0.2591054570478051,31.608292796309527,-0.2633479524216942,1.1961562439054627,0.9838901524204917,0.12754706819681783,"(84, 21, 7)","(0.4, 0.4, 0.2)",0,D,1,True,0.03,0.01,False,0.8,0.9,0.05,0.15,False,True,False,IAU
17.99401258855644,0.2582335430196361,31.268448116075078,-0.2621465997420803,1.1972111879389165,0.985073021254923,0.12754706819681783,"(84, 21, 7)","(0.4, 0.4, 0.2)",0,D,1,True,0.03,0.01,False,0.8,1.0,0.08,0.15,True,False,False,IAU
17.99401258855644,0.2582335430196361,31.268448116075078,-0.2621465997420803,1.1972111879389165,0.985073021254923,0.12754706819681783,"(84, 21, 7)","(0.4, 0.4, 0.2)",0,D,1,True,0.03,0.01,False,0.8,1.0,0.08,0.15,True,False,False,IAU
17.99401258855644,0.2582335430196361,31.268448116075078,-0.2621465997420803,1.1972111879389165,0.985073021254923,0.12754706819681783,"(84, 21, 7)","(0.4, 0.4, 0.2)",0,D,1,True,0.03,0.01,False,0.8,1.0,0.08,0.15,True,False,False,IAU
17.98769568413921,0.2583643771738493,31.319231347854164,-0.26331658340493114,1.2198970851329647,0.9811929572872125,0.12754706819681783,"(84, 21, 7)","(0.4, 0.4, 0.2)",0,D,1,True,0.015,0.01,False,0.8,1.0,0.08,0.15,False,False,False,GLD
17.98769568413921,0.2583643771738493,31.319231347854164,-0.26331658340493114,1.2198970851329647,0.9811929572872125,0.12754706819681783,"(84, 21, 7)","(0.4, 0.4, 0.2)",0,D,1,True,0.015,0.01,False,0.8,1.0,0.08,0.15,False,False,False,GLD
17.98769568413921,0.2583643771738493,31.319231347854164,-0.26331658340493114,1.2198970851329647,0.9811929572872125,0.12754706819681783,"(84, 21, 7)","(0.4, 0.4, 0.2)",0,D,1,True,0.015,0.01,False,0.8,1.0,0.08,0.15,False,False,False,GLD
17.98769568413921,0.2583643771738493,31.319231347854164,-0.26331658340493114,1.2198970851329647,0.9811929572872125,0.12754706819681783,"(84, 21, 7)","(0.4, 0.4, 0.2)",0,D,1,True,0.015,0.01,False,0.8,1.0,0.08,0.15,False,False,False,GLD
17.98769568413921,0.2583643771738493,31.319231347854164,-0.26331658340493114,1.2198970851329647,0.9811929572872125,0.12754706819681783,"(84, 21, 7)","(0.4, 0.4, 0.2)",0,D,1,True,0.015,0.01,False,0.8,1.0,0.08,0.15,False,False,False,GLD
17.98769568413921,0.2583643771738493,31.319231347854164,-0.26331658340493114,1.2198970851329647,0.9811929572872125,0.12754706819681783,"(84, 21, 7)","(0.4, 0.4, 0.2)",0,D,1,True,0.015,0.01,True,0.8,1.0,0.08,0.15,False,False,False,SHY
17.98769568413921,0.2583643771738493,31.319231347854164,-0.26331658340493114,1.2198970851329647,0.9811929572872125,0.12754706819681783,"(84, 21, 7)","(0.4, 0.4, 0.2)",0,D,1,True,0.015,0.01,True,0.8,1.0,0.08,0.15,False,False,True,IAU
17.890332560017708,0.25749898108279057,30.984709096884323,-0.26301486188576484,1.2192438150000369,0.9790282542840869,0.12754706819681783,"(84, 21, 7)","(0.4, 0.4, 0.2)",0,D,1,True,0.015,0.01,False,0.8,0.9,0.08,0.15,False,False,False,GLD
17.845226404027336,0.2568968738471906,30.753872775070818,-0.2615926801539017,1.2139665124415002,0.9820491677980118,0.12754706819681783,"(84, 21, 7)","(0.4, 0.4, 0.2)",0,D,1,True,0.015,0.005,False,0.8,1.0,0.05,0.2,False,True,False,IAU
17.790796915228054,0.2564399196526428,30.579724774439352,-0.2615926796715482,1.2135458582755707,0.9803023539291117,0.12754706819681783,"(84, 21, 7)","(0.4, 0.4, 0.2)",0,D,1,True,0.015,0.005,True,0.8,0.9,0.05,0.2,False,False,True,IEF
17.71625714035791,0.25590252939685487,30.37606345467391,-0.2621570180345193,1.1886926213639462,0.976142204070841,0.12754706819681783,"(84, 21, 7)","(0.4, 0.4, 0.2)",0,D,1,True,0.03,0.01,True,0.8,1.0,0.08,0.15,True,False,False,GLD
17.71625714035791,0.25590252939685487,30.37606345467391,-0.2621570180345193,1.1886926213639462,0.976142204070841,0.12754706819681783,"(84, 21, 7)","(0.4, 0.4, 0.2)",0,D,1,True,0.03,0.01,True,0.8,1.0,0.08,0.15,True,False,False,GLD
17.71625714035791,0.25590252939685487,30.37606345467391,-0.2621570180345193,1.1886926213639462,0.976142204070841,0.12754706819681783,"(84, 21, 7)","(0.4, 0.4, 0.2)",0,D,1,True,0.03,0.01,True,0.8,1.0,0.08,0.15,True,False,False,GLD
