date,symbol,side,qty,price,reason
2011-11-01,QQQ,BUY,273.8741,56.53130445785523,rebalance
2011-11-01,XLP,BUY,839.0867,30.536106686782837,rebalance
2011-11-01,XLU,BUY,732.6716,34.35686847381592,rebalance
2011-11-01,XLV,BUY,587.8575,32.936586305236816,rebalance
2011-11-01,XLY,BUY,377.3429,38.057609236907965,rebalance
2011-12-01,XLP,SELL,16.4271,31.953607084655765,rebalance
2011-12-01,XLU,SELL,5.6142,35.152967847442625,rebalance
2011-12-01,XLV,SELL,589.2489,33.79323923721313,rebalance
2011-12-01,QQQ,BUY,38.568,56.39127706832886,rebalance
2011-12-01,XLE,BUY,194.0083,70.69413630523681,rebalance
2011-12-01,XLU,BUY,0.0079,35.167031847381594,rebalance
2012-01-03,DIA,BUY,165.0371,123.96479044189454,rebalance
2012-01-03,XLU,SELL,121.1483,36.17276430511474,rebalance
2012-01-03,XLY,SELL,371.16,39.66206416931152,rebalance
2012-01-03,XLE,SELL,10.6688,70.58587847442627,rebalance
2012-01-03,XLP,SELL,21.6112,32.683460626983646,rebalance
2012-01-03,QQQ,SELL,306.5127,56.89861784744262,rebalance
2012-02-01,DIA,BUY,9.8529,127.09541369476318,rebalance
2012-02-01,XLU,SELL,182.3515,34.753046321868894,rebalance
2012-02-01,XLV,BUY,639.5126,35.917181847381585,rebalance
2012-02-01,XLE,SELL,181.6945,71.31573583068848,rebalance
2012-02-01,QQQ,SELL,5.8953,60.867825067901606,rebalance
2012-02-01,XLP,SELL,39.4425,32.15356784744263,rebalance
2012-03-01,DIA,SELL,174.4716,129.57408610229493,rebalance
2012-03-01,XLE,SELL,1.6377,75.19495708465575,rebalance
2012-03-01,XLV,SELL,90.4953,36.20275708465576,rebalance
2012-03-01,QQQ,BUY,245.3887,64.66293152618408,rebalance
2012-03-01,XLP,BUY,55.4254,33.25664999999999,rebalance
2012-03-01,XLU,BUY,319.2503,34.90698152618408,rebalance
2012-04-02,XLP,BUY,19.4856,34.0868178314209,rebalance
2012-04-02,XLV,BUY,6.628,37.61752261047363,rebalance
2012-04-02,QQQ,BUY,40.3685,67.49349935760497,rebalance
2012-04-02,XLK,BUY,663.659,30.156029618453978,rebalance
2012-04-02,XLE,SELL,0.0073,71.55568569488526,rebalance
2012-04-02,DIA,SELL,0.4191,131.53368555908202,rebalance
2012-04-02,XLU,SELL,743.0278,35.02299277954101,rebalance
2012-05-01,XLV,BUY,177.4657,37.447486626434326,rebalance
2012-05-01,QQQ,SELL,34.4451,66.67666444091796,rebalance
2012-05-01,XLK,SELL,104.995,29.794039237213134,rebalance
2012-05-01,XLP,SELL,32.3068,34.17316430511475,rebalance
2012-05-01,QQQ,BUY,0.036,66.70334044189454,rebalance
2012-05-01,XLK,BUY,0.0704,29.80595923690796,rebalance
2012-06-01,QQQ,SELL,17.7237,60.92781062698364,rebalance
2012-06-01,XLV,SELL,740.2783,35.79283923721313,rebalance
2012-06-01,QQQ,BUY,0.3256,60.952186626434326,rebalance
2012-06-01,XLK,BUY,50.4152,27.455490763092044,rebalance
2012-06-01,XLP,BUY,41.0989,33.46669108428955,rebalance
2012-06-01,XLU,BUY,801.7969,35.59711815261841,rebalance
2012-07-02,XLP,SELL,28.7951,34.62307506790161,rebalance
2012-07-02,XLP,BUY,0.1163,34.63692706832886,rebalance
2012-07-02,QQQ,BUY,6.6632,64.26284999999999,rebalance
2012-07-02,XLK,SELL,29.7004,28.804237466049194,rebalance
2012-07-02,XLU,SELL,34.0676,37.102578610229486,rebalance
2012-08-01,XLP,SELL,37.6933,35.78284291534423,rebalance
2012-08-01,XLU,SELL,35.9158,37.9924,rebalance
2012-08-01,QQQ,BUY,23.5007,65.27305413665772,rebalance
2012-08-01,XLK,BUY,9.2654,29.455890763092043,rebalance
2012-09-04,XLU,BUY,0.1566,36.297258915710444,rebalance
2012-09-04,QQQ,SELL,264.6527,68.01639277954101,rebalance
2012-09-04,XLK,SELL,65.4166,30.45390708465576,rebalance
2012-09-04,XLP,SELL,147.7459,35.5028963218689,rebalance
2012-09-04,XLU,SELL,94.8148,36.282742915344244,rebalance
2012-09-04,XLK,BUY,0.0643,30.466091084289552,rebalance
2012-09-04,XLV,BUY,703.2238,38.807759236907955,rebalance
2012-10-01,XLK,BUY,105.0662,30.95619076309204,rebalance
2012-10-01,XLV,BUY,11.0097,40.24804967880249,rebalance
2012-10-01,VOO,BUY,167.843,132.32646305236818,rebalance
2012-10-01,XLP,SELL,631.0149,35.83283215255737,rebalance
2012-10-01,XLU,SELL,636.4556,36.42271430511475,rebalance
2012-10-01,QQQ,BUY,270.7083,68.9137815261841,rebalance
2012-11-01,VOO,SELL,167.2478,129.694057220459,rebalance
2012-11-01,XLP,SELL,0.1757,35.45290708465576,rebalance
2012-11-01,XLU,SELL,0.6968,37.042589237213136,rebalance
2012-11-01,XLV,SELL,714.9478,39.98200367813111,rebalance
2012-11-01,IWM,BUY,290.2464,81.83636369476318,rebalance
2012-11-01,QQQ,BUY,33.2074,65.37307261047363,rebalance
2012-11-01,XLF,BUY,1542.3031,12.935161740875245,rebalance
2012-11-01,XLK,BUY,103.5761,29.025804457855223,rebalance
2012-12-03,XLV,BUY,622.3314,40.34806815261841,rebalance
2012-12-03,XLP,BUY,693.2095,36.01720032119751,rebalance
2012-12-03,XLU,SELL,0.0028,35.34292847442627,rebalance
2012-12-03,XLK,SELL,726.5176,29.344130381393434,rebalance
2012-12-03,XLF,SELL,175.8558,12.840648252677916,rebalance
2012-12-03,VOO,SELL,0.5918,130.71385749206542,rebalance
2012-12-03,QQQ,SELL,21.4231,66.29673555908204,rebalance
2012-12-03,IWM,SELL,288.0356,82.69345708465576,rebalance
2013-01-02,IWM,SELL,2.159,86.32272833862305,rebalance
2013-01-02,QQQ,SELL,0.8705,66.7166573562622,rebalance
2013-01-02,XLK,SELL,5.3443,29.614076839065554,rebalance
2013-01-02,XLP,SELL,683.4188,35.392921525573726,rebalance
2013-01-02,VOO,BUY,178.8399,132.96659044189454,rebalance
2013-01-02,XLF,BUY,67.9884,13.650170398521425,rebalance
2013-01-02,XLV,BUY,29.8966,40.68813630523681,rebalance
2013-02-01,XLF,BUY,91.2672,14.194552629661558,rebalance
2013-02-01,IWM,BUY,239.1026,89.97799108428956,rebalance
2013-02-01,XLV,SELL,102.2726,43.08138215255737,rebalance
2013-02-01,QQQ,BUY,53.4227,67.35346433715821,rebalance
2013-02-01,XLK,SELL,0.1414,29.644069618606565,rebalance
2013-02-01,VOO,SELL,177.7286,137.95239972839357,rebalance
2013-02-01,XLP,SELL,9.7251,37.11257493209838,rebalance
2013-03-01,IWM,SELL,240.7509,89.8620212539673,rebalance
2013-03-01,QQQ,SELL,336.1971,66.85662874603273,rebalance
2013-03-01,XLF,SELL,385.7311,14.180754170799254,rebalance
2013-03-01,XLK,SELL,0.0013,29.484101771163942,rebalance
2013-03-01,XLU,SELL,0.0001,37.28254291534424,rebalance
2013-03-01,VOO,BUY,153.023,138.34767132568362,rebalance
2013-03-01,XLF,BUY,2.8713,14.186427607154847,rebalance
2013-03-01,XLP,BUY,745.9887,37.90758152618409,rebalance
2013-03-01,XLV,BUY,69.1577,43.36867261047364,rebalance
2013-04-01,XLP,BUY,0.109,39.73794554214477,rebalance
2013-04-01,VOO,BUY,48.6205,143.42867389526367,rebalance
2013-04-01,XLF,BUY,203.7804,14.787684995841978,rebalance
2013-04-01,XLP,SELL,108.3452,39.722053542327885,rebalance
2013-04-01,XLV,SELL,106.0132,45.970803542327886,rebalance
2013-05-01,XLV,BUY,0.2422,46.93938630523682,rebalance
2013-05-01,XLP,BUY,0.0631,40.89817738952637,rebalance
2013-05-01,XLF,BUY,0.0566,15.169563915252684,rebalance
2013-05-01,XLU,BUY,744.7258,41.37827293167115,rebalance
2013-05-01,XLP,SELL,51.7493,40.88182138977051,rebalance
2013-05-01,XLF,SELL,35.3446,15.163497303009034,rebalance
2013-05-01,VOO,SELL,203.2584,145.8908141693115,rebalance
2013-05-01,XLV,SELL,28.4268,46.92061430511474,rebalance
2013-06-03,XLU,SELL,133.2513,37.68246062698364,rebalance
2013-06-03,XLV,SELL,26.1274,48.37032506790162,rebalance
2013-06-03,XLF,BUY,109.5187,16.185203174972536,rebalance
2013-06-03,XLP,BUY,2.7202,40.158031526184075,rebalance
2013-07-01,XLE,BUY,298.4649,78.80575891571044,rebalance
2013-07-01,XLV,BUY,78.1072,47.759550000000004,rebalance
2013-07-01,IWM,BUY,240.46,97.66953152618407,rebalance
2013-07-01,XLP,SELL,585.3113,39.90201784744262,rebalance
2013-07-01,XLF,SELL,100.8327,15.910708060455324,rebalance
2013-07-01,XLU,SELL,611.637,37.612474932098394,rebalance
2013-08-01,IWM,SELL,1.8641,104.65906430511475,rebalance
2013-08-01,XLE,SELL,296.0582,83.07337833862306,rebalance
2013-08-01,XLF,SELL,26.9896,16.795990868377686,rebalance
2013-08-01,XLP,SELL,3.5233,41.591678474426274,rebalance
2013-08-01,XLV,SELL,5.208,51.32973215255737,rebalance
2013-08-01,XLI,BUY,468.1941,45.4290821685791,rebalance
2013-09-03,XLI,BUY,125.0787,44.46889108428955,rebalance
2013-09-03,XLV,BUY,59.7736,49.72994522094727,rebalance
2013-09-03,XLF,BUY,108.5989,15.982074750709533,rebalance
2013-09-03,IWM,SELL,56.8674,101.83962861022948,rebalance
2013-09-03,XLE,SELL,2.3827,82.3735213897705,rebalance
2013-09-03,XLP,SELL,0.0178,39.68206062698364,rebalance
2013-10-01,XLI,BUY,0.0681,46.39927738952636,rebalance
2013-10-01,IWM,BUY,80.5381,106.58130955810546,rebalance
2013-10-01,XLV,SELL,23.4719,50.61987506790162,rebalance
2013-10-01,XLF,SELL,101.5514,16.19497393455505,rebalance
2013-10-01,XLI,SELL,158.2006,46.380721389770514,rebalance
2013-10-01,XLE,SELL,0.024,82.66346430511476,rebalance
2013-10-01,XLP,SELL,0.0001,39.77204277954101,rebalance
2013-11-01,XLI,BUY,175.3414,48.739745542144775,rebalance
2013-11-01,IWM,SELL,46.3226,109.38812166137694,rebalance
2013-11-01,XLV,SELL,93.7586,52.87942138977051,rebalance
2013-11-01,XLF,BUY,103.6498,16.71333345336914,rebalance
2013-12-02,XLV,BUY,95.3916,55.25104967880249,rebalance
2013-12-02,XLI,BUY,26.7877,50.390077068328864,rebalance
2013-12-02,IWM,SELL,25.2239,113.67725694885254,rebalance
2013-12-02,XLF,SELL,53.4711,17.470103760528566,rebalance
2014-01-02,XLV,BUY,0.3466,55.32106337356568,rebalance
2014-01-02,XLI,BUY,0.6425,51.99039554214478,rebalance
2014-01-02,XLF,BUY,11.6228,17.728970805358884,rebalance
2014-01-02,XLI,SELL,119.3282,51.969603542327874,rebalance
2014-01-02,XLV,SELL,147.5494,55.29893937301635,rebalance
2014-01-02,IWM,BUY,27.493,115.1130143371582,rebalance
2014-02-03,IWM,SELL,0.412,111.84762874603271,rebalance
2014-02-03,XLF,SELL,1363.1754,17.08837660865784,rebalance
2014-02-03,IWM,BUY,0.001,111.89237674713135,rebalance
2014-02-03,QQQ,BUY,304.2076,86.12722261047364,rebalance
2014-02-03,XLI,BUY,7.7779,49.91998184738159,rebalance
2014-02-03,XLV,BUY,45.7305,56.111218473815924,rebalance
2014-03-03,XLV,BUY,27.667,58.671731847381594,rebalance
2014-03-03,XLI,BUY,0.2895,51.5103,rebalance
2014-03-03,QQQ,BUY,29.9142,89.5078958633423,rebalance
2014-03-03,XLI,SELL,26.6359,51.4897,rebalance
2014-03-03,IWM,SELL,8.2459,116.49669264373779,rebalance
2014-03-03,IWM,BUY,0.0707,116.54330064239502,rebalance
2014-04-01,IWM,SELL,22.2724,116.60667125396728,rebalance
2014-04-01,QQQ,SELL,16.8081,88.08237847442626,rebalance
2014-04-01,XLV,SELL,90.8676,58.648267847442625,rebalance
2014-04-01,XLI,BUY,34.542,52.56050923690796,rebalance
2014-05-01,XLF,BUY,1788.9826,17.84272302818298,rebalance
2014-05-01,QQQ,SELL,62.9829,87.51249277954102,rebalance
2014-05-01,XLY,SELL,6.1751,63.90721416931153,rebalance
2014-05-01,IWM,BUY,26.7565,111.77234999999999,rebalance
2014-05-01,XLI,BUY,59.33,52.990595542144774,rebalance
2014-06-02,XLE,BUY,300.8255,95.41908152618407,rebalance
2014-06-02,QQQ,BUY,15.5757,91.4382821685791,rebalance
2014-06-02,XLY,SELL,0.0077,65.78684305114746,rebalance
2014-06-02,XLB,BUY,588.9377,49.16983184738159,rebalance
2014-06-02,XLF,SELL,1787.3786,18.11985324020386,rebalance
2014-06-02,XLI,SELL,107.5108,54.06918583068848,rebalance
2014-06-02,IWM,SELL,213.7133,113.04738569488526,rebalance
2014-07-01,IWM,SELL,0.3961,119.23615013580323,rebalance
2014-07-01,XLB,SELL,84.5513,49.69006076278687,rebalance
2014-07-01,XLE,SELL,300.076,100.32992847442628,rebalance
2014-07-01,XLF,SELL,1.6004,18.509702165222166,rebalance
2014-07-01,XLI,SELL,98.3467,54.109174932098384,rebalance
2014-07-01,QQQ,BUY,87.9462,94.25884586334229,rebalance
2014-07-01,XLK,BUY,762.6243,38.49769967880249,rebalance
2014-08-01,XLI,BUY,147.1466,51.710340763092034,rebalance
2014-08-01,XLE,BUY,253.2922,96.37927261047363,rebalance
2014-08-01,XLB,BUY,208.3035,48.55970923690796,rebalance
2014-08-01,QQQ,BUY,0.1812,94.83896369476318,rebalance
2014-08-01,XLY,SELL,0.0001,65.68685694885255,rebalance
2014-08-01,XLK,SELL,764.5847,38.89222152557373,rebalance
2014-08-01,XLF,SELL,0.0036,18.15234033279419,rebalance
2014-08-01,QQQ,SELL,85.9566,94.80103569488526,rebalance
2014-08-01,IWM,SELL,0.0016,111.13777166137695,rebalance
2014-09-02,XLB,SELL,138.0704,50.50989645767211,rebalance
2014-09-02,XLE,SELL,62.6259,98.58027847442628,rebalance
2014-09-02,XLI,SELL,533.9901,54.129171389770505,rebalance
2014-09-02,XLV,SELL,2.5974,63.977203678131104,rebalance
2014-09-02,QQQ,BUY,94.5759,100.04000064239503,rebalance
2014-09-02,XLB,BUY,0.0272,50.53010445785523,rebalance
2014-09-02,XLE,BUY,0.0888,98.61971847381591,rebalance
2014-10-01,XLK,BUY,696.1885,39.77795445785523,rebalance
2014-10-01,VOO,BUY,177.3713,180.3760643371582,rebalance
2014-10-01,QQQ,BUY,0.3073,98.52970413665773,rebalance
2014-10-01,XLB,BUY,38.9767,49.5099,rebalance
2014-10-01,XLE,SELL,191.5257,90.59187861022949,rebalance
2014-10-01,XLI,SELL,1.19,52.96940354232788,rebalance
2014-10-01,QQQ,SELL,108.1698,98.49030013580321,rebalance
2014-11-03,VOO,SELL,4.4831,185.16295694885252,rebalance
2014-11-03,XLB,SELL,613.3699,48.41031416931152,rebalance
2014-11-03,XLV,SELL,25.3187,67.35652874603272,rebalance
2014-11-03,QQQ,BUY,6.2572,101.60031783142091,rebalance
2014-11-03,XLF,BUY,1598.479,19.418992656326296,rebalance
2014-12-01,XLB,SELL,0.2542,49.0001963218689,rebalance
2014-12-01,XLV,SELL,17.8638,69.3461286102295,rebalance
2014-12-01,QQQ,BUY,79.7842,105.74114522094726,rebalance
2014-12-01,XLF,BUY,325.4068,19.719620396804807,rebalance
2014-12-01,XLK,BUY,112.5802,42.39847738952636,rebalance
2014-12-01,XLV,BUY,0.0642,69.37387261047363,rebalance
2014-12-01,VOO,SELL,173.564,189.2521352874756,rebalance
2015-01-02,XLU,BUY,560.3102,47.6795321685791,rebalance
2015-01-02,VOO,BUY,181.6749,189.32785128479003,rebalance
2015-01-02,XLF,SELL,1913.8251,20.19092446250915,rebalance
2015-01-02,QQQ,SELL,38.1729,103.73925013580322,rebalance
2015-01-02,XLK,SELL,113.8947,41.6016786102295,rebalance
2015-02-02,QQQ,SELL,37.3122,101.30973583068848,rebalance
2015-02-02,VOO,SELL,181.1699,183.4633,rebalance
2015-02-02,XLK,SELL,19.9038,40.03199291534423,rebalance
2015-02-02,XLF,BUY,1347.4727,18.74461006507874,rebalance
2015-02-02,XLU,BUY,199.8701,48.319663373565675,rebalance
2015-03-02,XLU,BUY,0.272,45.20904076309205,rebalance
2015-03-02,VOO,SELL,0.5047,193.27133555908205,rebalance
2015-03-02,XLF,SELL,1356.9761,19.78483199119568,rebalance
2015-03-02,XLU,SELL,409.9808,45.19096076278686,rebalance
2015-03-02,QQQ,BUY,79.316,108.63172261047364,rebalance
2015-03-02,XLK,BUY,146.462,43.248649678802494,rebalance
2015-03-02,XLP,BUY,681.8195,50.06000923690796,rebalance
2015-04-01,XLV,SELL,3.2381,72.515492779541,rebalance
2015-04-01,XLU,SELL,351.4999,44.29113923721313,rebalance
2015-04-01,XLP,BUY,0.014,48.729745220947265,rebalance
2015-04-01,XLP,SELL,34.2667,48.710257220458985,rebalance
2015-04-01,XLF,SELL,0.5586,19.533055116653443,rebalance
2015-04-01,XLK,SELL,128.9243,41.47170354232789,rebalance
2015-04-01,VOO,SELL,0.0003,189.13216416931152,rebalance
2015-04-01,QQQ,SELL,56.2304,105.57887847442626,rebalance
2015-05-01,QQQ,SELL,49.2603,108.02839305114748,rebalance
2015-05-01,XLK,SELL,46.3082,42.83143215255737,rebalance
2015-05-01,XLP,BUY,147.2248,48.55970923690796,rebalance
2015-05-01,XLV,BUY,33.1848,72.21443694763184,rebalance
2015-06-01,XLK,SELL,88.8598,43.61127493209838,rebalance
2015-06-01,XLP,SELL,793.1659,48.88022138977051,rebalance
2015-06-01,QQQ,BUY,1.0055,110.66212738952638,rebalance
2015-06-01,VOO,BUY,175.7434,194.26884172668457,rebalance
2015-06-01,XLV,BUY,9.0552,75.38507674713134,rebalance
2015-07-01,XLK,BUY,175.619,41.77835445785523,rebalance
2015-07-01,QQQ,BUY,35.6133,108.15162325286866,rebalance
2015-07-01,XLF,BUY,1264.1709,20.117752222824095,rebalance
2015-07-01,XLP,SELL,1.6148,47.91041416931152,rebalance
2015-07-01,XLV,SELL,2.5664,75.14497166137696,rebalance
2015-07-01,VOO,SELL,174.0749,190.61186389770506,rebalance
2015-08-03,XLF,BUY,265.3703,20.48338014335632,rebalance
2015-08-03,XLV,SELL,51.3373,76.65466416931153,rebalance
2015-08-03,XLP,BUY,688.6396,50.31005923690796,rebalance
2015-08-03,VOO,SELL,1.668,192.96140000000003,rebalance
2015-08-03,QQQ,SELL,40.1562,111.94760722045899,rebalance
2015-08-03,XLK,SELL,733.3033,42.55148937301635,rebalance
2015-09-01,QQQ,SELL,8.7764,101.68965708465575,rebalance
2015-09-01,VOO,SELL,0.0005,177.07457861022948,rebalance
2015-09-01,XLF,SELL,68.6139,18.623406989288327,rebalance
2015-09-01,QQQ,BUY,0.2242,101.73034108428956,rebalance
2015-09-01,XLF,BUY,1.4957,18.630857842254642,rebalance
2015-09-01,XLP,BUY,76.0248,46.37927293167114,rebalance
2015-09-01,XLV,BUY,40.212,68.65372738952638,rebalance
2015-10-01,XLF,BUY,32.3353,18.40335530433655,rebalance
2015-10-01,QQQ,BUY,29.1412,101.96039044189453,rebalance
2015-10-01,XLP,SELL,21.3931,47.21055722045898,rebalance
2015-10-01,XLV,SELL,35.3822,66.3767213897705,rebalance
2015-11-02,XLF,SELL,1491.0431,19.60615107498169,rebalance
2015-11-02,XLP,SELL,65.8395,49.900017847442626,rebalance
2015-11-02,XLV,SELL,13.5098,71.73564999999999,rebalance
2015-11-02,IWM,BUY,189.8613,115.47308694763183,rebalance
2015-11-02,QQQ,BUY,15.0437,113.65272325286864,rebalance
2015-12-01,IWM,SELL,189.0517,119.58607861022949,rebalance
2015-12-01,XLF,SELL,3.7016,20.020365319442746,rebalance
2015-12-01,XLP,SELL,9.1023,49.51009645767212,rebalance
2015-12-01,QQQ,BUY,1.5013,114.50289935760497,rebalance
2015-12-01,XLK,BUY,733.9743,44.14882738952636,rebalance
2015-12-01,XLV,BUY,19.2715,71.49429935760497,rebalance
2016-01-04,XLK,SELL,72.1005,42.051589373016355,rebalance
2016-01-04,XLV,BUY,68.467,70.78415064239502,rebalance
2016-01-04,XLK,BUY,1.3196,42.068413373565676,rebalance
2016-01-04,QQQ,BUY,0.6257,109.47188694763184,rebalance
2016-01-04,XLF,SELL,0.0138,18.95640350227356,rebalance
2016-01-04,XLP,SELL,677.1925,49.82003583068848,rebalance
2016-01-04,QQQ,SELL,28.4249,109.42810694885253,rebalance
2016-01-04,IWM,BUY,279.6596,110.63212261047363,rebalance
2016-02-01,XLP,BUY,704.2435,50.66013152618409,rebalance
2016-02-01,IWM,SELL,282.7208,102.1195713897705,rebalance
2016-02-01,QQQ,SELL,26.9164,103.60927125396728,rebalance
2016-02-01,XLK,SELL,80.0192,41.06178569488526,rebalance
2016-02-01,QQQ,BUY,0.1298,103.65072325286866,rebalance
2016-02-01,XLK,BUY,0.3311,41.07821369476318,rebalance
2016-02-01,XLV,BUY,12.1235,66.03320064239503,rebalance
2016-03-01,XLP,BUY,22.4138,51.220241084289555,rebalance
2016-03-01,XLK,BUY,84.0662,41.32826369476318,rebalance
2016-03-01,VOO,BUY,162.2135,178.87576433715822,rebalance
2016-03-01,QQQ,BUY,4.8924,103.50069935760499,rebalance
2016-03-01,XLV,SELL,433.0939,66.58667847442626,rebalance
2016-04-01,XLU,BUY,525.3425,49.4298821685791,rebalance
2016-04-01,XLK,BUY,0.3766,44.05880923690796,rebalance
2016-04-01,QQQ,BUY,11.576,108.56170891571045,rebalance
2016-04-01,XLP,BUY,0.0999,52.85056815261841,rebalance
2016-04-01,XLP,SELL,24.0057,52.829432152557374,rebalance
2016-04-01,XLK,SELL,53.5472,44.04118923721313,rebalance
2016-04-01,VOO,SELL,163.2175,187.36251389770507,rebalance
2016-04-01,XLV,SELL,2.4295,67.4865,rebalance
2016-05-02,XLP,SELL,107.1541,52.43951076278687,rebalance
2016-05-02,XLU,SELL,57.035,48.440310762786865,rebalance
2016-05-02,QQQ,BUY,21.0207,106.0111958633423,rebalance
2016-05-02,XLK,BUY,108.7034,42.228445220947265,rebalance
2016-06-01,XLI,BUY,520.7053,55.641127068328856,rebalance
2016-06-01,XLU,BUY,95.6183,49.149827389526365,rebalance
2016-06-01,DIA,BUY,188.5467,177.01539172668458,rebalance
2016-06-01,QQQ,SELL,260.4748,109.97800000000001,rebalance
2016-06-01,XLK,SELL,725.5671,44.031192915344235,rebalance
2016-06-01,XLP,SELL,33.0269,52.689460762786865,rebalance
2016-07-01,DIA,SELL,188.7787,178.74424277954103,rebalance
2016-07-01,XLI,SELL,520.5194,56.018792779541016,rebalance
2016-07-01,QQQ,BUY,214.6292,107.51149586334228,rebalance
2016-07-01,XLK,BUY,568.6999,43.40868152618408,rebalance
2016-07-01,XLP,BUY,129.8433,55.26105,rebalance
2016-07-01,XLU,BUY,183.087,52.770550321197504,rebalance
2016-08-01,XLK,BUY,161.8627,46.45929076309204,rebalance
2016-08-01,XLU,BUY,0.749,52.000399678802495,rebalance
2016-08-01,XLI,BUY,495.279,57.94158630523681,rebalance
2016-08-01,XLP,BUY,0.0373,54.670931847381596,rebalance
2016-08-01,XLP,SELL,51.0858,54.64906784744262,rebalance
2016-08-01,XLU,SELL,299.662,51.9796036781311,rebalance
2016-08-01,QQQ,SELL,214.4803,115.28693555908202,rebalance
2016-09-01,QQQ,SELL,0.1488,116.4567073562622,rebalance
2016-09-01,XLU,SELL,120.1102,49.09017847442627,rebalance
2016-09-01,XLB,BUY,478.3432,48.71974108428955,rebalance
2016-09-01,XLI,BUY,121.4887,58.701736626434325,rebalance
2016-09-01,XLK,BUY,81.8912,46.98939554214478,rebalance
2016-09-01,XLU,BUY,0.3178,49.10981847381592,rebalance
2016-10-03,XLK,BUY,0.3353,47.65953152618408,rebalance
2016-10-03,XLI,BUY,0.2274,58.211640763092035,rebalance
2016-10-03,XLB,BUY,176.2472,47.789554779052736,rebalance
2016-10-03,XLP,BUY,0.0692,53.13062293167114,rebalance
2016-10-03,XLK,SELL,122.9646,47.64047152557373,rebalance
2016-10-03,XLI,SELL,73.5891,58.18836076278687,rebalance
2016-10-03,QQQ,SELL,0.0001,118.54628569488526,rebalance
2016-10-03,XLP,SELL,40.8881,53.10937493209839,rebalance
2016-11-01,XLE,BUY,329.8896,69.14382325286866,rebalance
2016-11-01,QQQ,BUY,273.9617,117.21344044189453,rebalance
2016-11-01,XLI,BUY,67.8333,57.271450321197506,rebalance
2016-11-01,XLP,SELL,600.5464,52.78943923721313,rebalance
2016-11-01,XLB,SELL,138.7833,46.84062847442627,rebalance
2016-11-01,XLU,SELL,329.2398,49.28014291534424,rebalance
2016-12-01,QQQ,SELL,274.0549,117.43650708465577,rebalance
2016-12-01,XLE,SELL,323.8844,75.79483555908203,rebalance
2016-12-01,XLI,SELL,62.3696,62.517492779541016,rebalance
2016-12-01,XLK,SELL,12.2378,47.43051062698365,rebalance
2016-12-01,XLB,BUY,271.5786,50.120022610473626,rebalance
2016-12-01,XLK,BUY,0.0153,47.44948662643432,rebalance
2016-12-01,XLP,BUY,636.0037,50.40007738952637,rebalance
2017-01-03,XLE,BUY,433.8639,76.12522261047363,rebalance
2017-01-03,XLF,BUY,1170.4688,23.614722610473635,rebalance
2017-01-03,XLP,SELL,635.512,51.73965,rebalance
2017-01-03,XLB,SELL,66.7036,49.82003583068848,rebalance
2017-01-03,XLK,SELL,673.286,48.66026416931152,rebalance
2017-01-03,IWM,BUY,190.8568,136.5173034942627,rebalance
2017-02-01,XLB,SELL,104.0778,51.929610626983646,rebalance
2017-02-01,XLE,SELL,6.4894,73.27534291534423,rebalance
2017-02-01,XLF,SELL,6.4633,23.48530177116394,rebalance
2017-02-01,XLK,SELL,4.2767,50.529892915344234,rebalance
2017-02-01,XLP,SELL,0.494,52.32953215255738,rebalance
2017-02-01,IWM,BUY,20.9133,136.24724522094726,rebalance
2017-02-01,XLB,BUY,0.04,51.95038662643432,rebalance
2017-03-01,IWM,SELL,14.3172,139.62206389770506,rebalance
2017-03-01,XLE,SELL,84.1188,72.02559291534425,rebalance
2017-03-01,XLF,SELL,43.0099,25.004998228836058,rebalance
2017-03-01,XLK,SELL,0.039,52.65946416931152,rebalance
2017-03-01,XLB,BUY,181.3893,52.74054554214477,rebalance
2017-04-03,DIA,BUY,205.6026,206.56130827331543,rebalance
2017-04-03,XLI,SELL,65.8698,65.07697833862304,rebalance
2017-04-03,XLF,SELL,191.8355,23.76524645767212,rebalance
2017-04-03,XLB,SELL,797.7291,52.419514305114745,rebalance
2017-04-03,IWM,SELL,33.7893,137.94240722045896,rebalance
2017-04-03,XLE,SELL,348.7121,69.99600013580323,rebalance
2017-05-01,DIA,SELL,205.2002,209.44810749206545,rebalance
2017-05-01,XLB,SELL,0.303,53.30933569488525,rebalance
2017-05-01,XLE,SELL,0.5489,67.80643569488527,rebalance
2017-05-01,XLF,SELL,33.8452,23.64526961860657,rebalance
2017-05-01,IWM,BUY,11.1584,139.66792738952637,rebalance
2017-05-01,QQQ,BUY,308.3942,136.46729044189453,rebalance
2017-05-01,XLI,BUY,6.4,66.49329935760497,rebalance
2017-06-01,XLI,BUY,71.8235,67.71353694763184,rebalance
2017-06-01,XLB,SELL,0.0015,53.03938923721313,rebalance
2017-06-01,XLF,BUY,280.8598,23.384675160598754,rebalance
2017-06-01,IWM,BUY,53.7708,136.74734522094724,rebalance
2017-06-01,DIA,SELL,0.4018,210.22795027160646,rebalance
2017-06-01,QQQ,SELL,65.8582,141.55168583068848,rebalance
2017-07-03,DIA,SELL,0.0005,213.90720694885255,rebalance
2017-07-03,QQQ,SELL,59.2544,138.24235027160643,rebalance
2017-07-03,IWM,BUY,39.6816,141.36826433715822,rebalance
2017-07-03,XLF,BUY,186.0643,24.814961465835573,rebalance
2017-07-03,XLI,BUY,56.6541,68.43368216857911,rebalance
2017-08-01,IWM,SELL,61.5264,142.14156416931155,rebalance
2017-08-01,XLF,SELL,119.5966,25.254948228836057,rebalance
2017-08-01,QQQ,BUY,34.9842,143.74874522094728,rebalance
2017-08-01,XLI,BUY,10.7282,68.38367674713135,rebalance
2017-09-01,XLF,BUY,94.8251,24.73494554214478,rebalance
2017-09-01,XLI,SELL,114.7728,68.59627861022949,rebalance
2017-09-01,DIA,BUY,200.1957,220.17403088378904,rebalance
2017-09-01,IWM,SELL,206.3787,139.95199972839356,rebalance
2017-09-01,QQQ,SELL,36.9903,146.3607213897705,rebalance
2017-10-02,DIA,SELL,0.9065,224.145164440918,rebalance
2017-10-02,IWM,SELL,0.3689,148.280335559082,rebalance
2017-10-02,XLF,SELL,552.5809,25.804837466049193,rebalance
2017-10-02,QQQ,BUY,35.0388,145.69913216857913,rebalance
2017-10-02,XLF,BUY,1.0702,25.815161465835573,rebalance
2017-10-02,XLI,BUY,114.2401,70.98419522094727,rebalance
2017-11-01,IWM,SELL,0.0003,150.4699,rebalance
2017-11-01,QQQ,SELL,45.5413,152.72944250793455,rebalance
2017-11-01,XLI,SELL,61.9392,71.73564999999999,rebalance
2017-11-01,DIA,BUY,0.4116,234.64692610473634,rebalance
2017-11-01,XLF,BUY,488.2192,26.71534108428955,rebalance
2017-12-01,XLB,BUY,668.3754,59.681932168579095,rebalance
2017-12-01,QQQ,BUY,61.2338,154.23083694763181,rebalance
2017-12-01,XLI,SELL,567.3095,74.36512125396729,rebalance
2017-12-01,XLF,SELL,236.7384,27.554487466049196,rebalance
2017-12-01,DIA,SELL,12.9666,243.09137138977053,rebalance
2017-12-01,IWM,SELL,0.0001,152.98940027160643,rebalance
2018-01-02,XLB,SELL,110.8249,60.837828474426274,rebalance
2018-01-02,DIA,BUY,13.1541,248.3896643371582,rebalance
2018-01-02,QQQ,BUY,8.4092,156.59130955810548,rebalance
2018-01-02,XLF,BUY,6.9198,28.095618152618407,rebalance
2018-02-01,DIA,SELL,41.6994,259.8980222045899,rebalance
2018-02-01,QQQ,SELL,13.2686,168.06638610229493,rebalance
2018-02-01,XLF,SELL,1046.4686,29.674064305114747,rebalance
2018-02-01,DIA,BUY,0.2389,260.0020022094726,rebalance
2018-02-01,QQQ,BUY,0.1025,168.13362610473632,rebalance
2018-02-01,XLB,BUY,39.4844,62.52250032119751,rebalance
2018-02-01,XLI,BUY,508.7176,79.23584522094725,rebalance
2018-03-01,XLV,BUY,487.8842,84.00679586334229,rebalance
2018-03-01,XLK,BUY,479.0093,68.3436678314209,rebalance
2018-03-01,XLI,SELL,508.5185,76.66466430511474,rebalance
2018-03-01,QQQ,SELL,16.9355,167.26654305114744,rebalance
2018-03-01,XLB,SELL,597.3354,59.58807847442627,rebalance
2018-03-01,DIA,SELL,15.8998,250.1599647125244,rebalance
2018-04-02,QQQ,SELL,12.2702,158.9582074920654,rebalance
2018-04-02,XLI,SELL,0.1996,74.05518569488527,rebalance
2018-04-02,XLV,SELL,489.9306,81.04378555908204,rebalance
2018-04-02,DIA,BUY,28.7476,240.37806783142088,rebalance
2018-04-02,QQQ,BUY,0.0879,159.0218034942627,rebalance
2018-04-02,XLF,BUY,1214.0902,27.57551369476318,rebalance
2018-04-02,XLK,BUY,11.8208,65.17303566284178,rebalance
2018-05-01,XLK,BUY,13.3562,65.38307674713135,rebalance
2018-05-01,XLF,BUY,206.4875,27.39547738952637,rebalance
2018-05-01,QQQ,BUY,0.0107,160.5521082733154,rebalance
2018-05-01,QQQ,SELL,4.1275,160.48790027160646,rebalance
2018-05-01,DIA,SELL,10.0884,240.64186444091797,rebalance
2018-05-01,DIA,BUY,0.0355,240.73814044189453,rebalance
2018-06-01,DIA,SELL,17.4529,246.0907713897705,rebalance
2018-06-01,XLF,SELL,514.0733,27.504498228836063,rebalance
2018-06-01,QQQ,BUY,39.4472,170.9541821685791,rebalance
2018-06-01,XLK,BUY,50.6206,70.38407674713136,rebalance
2018-07-02,QQQ,SELL,44.3708,170.0059852874756,rebalance
2018-07-02,XLK,SELL,72.9904,68.85622874603271,rebalance
2018-07-02,DIA,BUY,26.6077,240.96818216857912,rebalance
2018-07-02,IWM,BUY,228.2999,162.79254650573728,rebalance
2018-07-02,QQQ,BUY,0.4199,170.07400128479003,rebalance
2018-07-02,XLK,BUY,0.6357,68.88377674713135,rebalance
2018-08-01,XLE,BUY,474.5689,76.46528694763182,rebalance
2018-08-01,IWM,BUY,16.4287,165.73313694763186,rebalance
2018-08-01,XLK,SELL,38.1925,71.41571430511473,rebalance
2018-08-01,XLF,SELL,900.7038,28.124373160934447,rebalance
2018-08-01,DIA,SELL,170.5587,253.84921389770506,rebalance
2018-08-01,QQQ,SELL,11.4102,176.82462861022947,rebalance
2018-09-04,IWM,SELL,16.9043,172.75543528747556,rebalance
2018-09-04,XLE,SELL,472.4112,74.765042779541,rebalance
2018-09-04,XLF,SELL,5.8129,28.26434645767212,rebalance
2018-09-04,DIA,BUY,145.23,259.2718452209473,rebalance
2018-09-04,IWM,BUY,0.0224,172.82455128479006,rebalance
2018-09-04,QQQ,BUY,28.7443,186.11721783142087,rebalance
2018-09-04,XLK,BUY,129.7223,75.26505,rebalance
2018-10-01,IWM,BUY,59.8602,169.32385128479007,rebalance
2018-10-01,DIA,SELL,144.3021,266.04678610229496,rebalance
2018-10-01,QQQ,SELL,19.5312,186.83262111816407,rebalance
2018-10-01,XLK,SELL,105.2656,75.79483555908203,rebalance
2018-10-01,XLE,BUY,461.7542,76.03520064239501,rebalance
2018-11-01,DIA,BUY,176.779,252.20042389526367,rebalance
2018-11-01,XLV,BUY,487.592,89.0178,rebalance
2018-11-01,XLK,SELL,71.7573,69.38612152557374,rebalance
2018-11-01,XLE,SELL,462.9468,67.28654305114745,rebalance
2018-11-01,QQQ,SELL,23.7982,170.03599332275388,rebalance
2018-11-01,IWM,SELL,286.0671,150.8598213897705,rebalance
2018-12-03,DIA,SELL,10.533,260.1179794250488,rebalance
2018-12-03,IWM,SELL,1.621,154.3591213897705,rebalance
2018-12-03,XLE,SELL,0.9435,67.6064787460327,rebalance
2018-12-03,XLV,SELL,15.7551,95.79083555908204,rebalance
2018-12-03,QQQ,BUY,16.7784,173.14462261047362,rebalance
2018-12-03,XLK,BUY,5.5702,69.65392738952636,rebalance
2018-12-03,XLV,BUY,0.0097,95.82915955810546,rebalance
2019-01-02,XLV,BUY,0.4019,85.19703630523682,rebalance
2019-01-02,QQQ,BUY,16.4173,151.02020349426272,rebalance
2019-01-02,DIA,BUY,0.0719,229.31585827331543,rebalance
2019-01-02,XLK,BUY,82.403,60.72214108428955,rebalance
2019-01-02,XLE,SELL,0.0219,56.428710626983644,rebalance
2019-01-02,IWM,SELL,0.019,132.1435641693115,rebalance
2019-01-02,XLV,SELL,25.753,85.16296430511474,rebalance
2019-01-02,DIA,SELL,4.2008,229.22415027160645,rebalance
2019-02-01,XLU,BUY,826.729,54.54090477905274,rebalance
2019-02-01,QQQ,BUY,0.1144,167.3634678314209,rebalance
2019-02-01,XLV,BUY,17.2433,90.79815477905274,rebalance
2019-02-01,QQQ,SELL,23.0742,167.29653583068847,rebalance
2019-02-01,DIA,SELL,162.6872,250.61986416931154,rebalance
2019-02-01,XLK,SELL,106.6672,66.29673555908204,rebalance
2019-03-01,DIA,SELL,0.3552,261.097763897705,rebalance
2019-03-01,XLK,SELL,375.2994,71.40571416931152,rebalance
2019-03-01,XLU,SELL,140.5113,57.01859277954101,rebalance
2019-03-01,XLV,SELL,86.7382,92.201557220459,rebalance
2019-03-01,QQQ,BUY,28.1015,174.47489044189456,rebalance
2019-03-01,XLRE,BUY,1192.0307,34.776954457855226,rebalance
2019-04-01,XLRE,BUY,22.3182,36.27725445785522,rebalance
2019-04-01,XLU,BUY,126.1181,58.1816321685791,rebalance
2019-04-01,XLK,BUY,369.6907,74.73494522094725,rebalance
2019-04-01,QQQ,SELL,199.7963,181.47369250793457,rebalance
2019-04-01,DIA,SELL,0.0025,261.1777649841308,rebalance
2019-04-01,XLV,SELL,15.9274,92.29153555908204,rebalance
2019-05-01,XLRE,SELL,599.1269,36.05278937301635,rebalance
2019-05-01,XLU,SELL,257.0968,58.52829291534424,rebalance
2019-05-01,XLV,SELL,360.5884,89.36212125396727,rebalance
2019-05-01,QQQ,BUY,247.0529,190.81815477905275,rebalance
2019-05-01,XLK,BUY,228.8894,79.51589999999999,rebalance
2019-05-01,XLU,BUY,0.7463,58.55170891571045,rebalance
2019-06-03,XLRE,BUY,595.0086,36.60731847381592,rebalance
2019-06-03,XLP,BUY,822.3077,55.70113662643432,rebalance
2019-06-03,XLV,SELL,0.4843,87.3425286102295,rebalance
2019-06-03,QQQ,BUY,0.2309,173.5146917266846,rebalance
2019-06-03,XLK,SELL,221.2193,71.9856,rebalance
2019-06-03,QQQ,SELL,85.3055,173.44529972839354,rebalance
2019-06-03,XLU,SELL,554.1776,58.428310626983645,rebalance
2019-07-01,QQQ,SELL,160.9501,190.28194332275393,rebalance
2019-07-01,XLK,SELL,371.7988,79.81403583068848,rebalance
2019-07-01,XLP,SELL,92.6008,58.358324932098384,rebalance
2019-07-01,XLRE,SELL,380.1846,36.94261076278687,rebalance
2019-07-01,XLU,BUY,538.3147,59.681932168579095,rebalance
2019-07-01,XLV,BUY,499.898,93.38867674713134,rebalance
2019-08-01,XLK,BUY,428.1519,80.92618566284179,rebalance
2019-08-01,QQQ,SELL,3.0802,191.39170667724608,rebalance
2019-08-01,XLP,SELL,158.3309,59.58807847442627,rebalance
2019-08-01,XLV,SELL,34.1049,91.13177152557373,rebalance
2019-08-01,XLRE,BUY,72.506,37.52750445785523,rebalance
2019-09-03,XLK,BUY,1.0504,78.88577674713136,rebalance
2019-09-03,XLRE,BUY,347.7695,39.15783152618408,rebalance
2019-09-03,QQQ,BUY,146.6348,186.25724522094725,rebalance
2019-09-03,XLP,BUY,91.4389,60.472091084289545,rebalance
2019-09-03,XLK,SELL,125.5642,78.8542287460327,rebalance
2019-09-03,DIA,SELL,0.0001,262.0175933227539,rebalance
2019-09-03,XLV,SELL,468.5344,90.05198569488525,rebalance
2019-10-01,QQQ,SELL,146.1062,189.46210000000002,rebalance
2019-10-01,XLRE,SELL,367.9278,39.292139237213135,rebalance
2019-10-01,XLK,BUY,56.3611,80.90617738952636,rebalance
2019-10-01,XLP,BUY,151.4184,61.46229076309204,rebalance
2019-10-01,XLRE,BUY,0.3743,39.30785923690796,rebalance
2019-10-01,XLU,BUY,143.1559,64.53290064239502,rebalance
2019-11-01,QQQ,SELL,0.5317,197.89040667724612,rebalance
2019-11-01,XLK,SELL,74.73,83.93320694885253,rebalance
2019-11-01,XLP,SELL,77.5815,61.25774645767211,rebalance
2019-11-01,XLU,SELL,83.701,64.27714291534423,rebalance
2019-11-01,XLRE,BUY,273.4517,39.38787706832886,rebalance
2019-12-02,XLK,BUY,193.5171,88.21763694763183,rebalance
2019-12-02,XLRE,BUY,1.1361,38.557709236907954,rebalance
2019-12-02,XLU,BUY,0.2662,62.762550000000005,rebalance
2019-12-02,XLU,SELL,55.6996,62.737449999999995,rebalance
2019-12-02,XLRE,SELL,438.0962,38.54228923721314,rebalance
2019-12-02,XLP,SELL,738.0803,61.86762506790161,rebalance
2019-12-02,QQQ,BUY,240.1189,205.15102261047366,rebalance
2020-01-02,QQQ,SELL,46.1786,214.35711389770506,rebalance
2020-01-02,XLK,SELL,67.9174,92.48150000000001,rebalance
2020-01-02,VOO,BUY,157.1578,297.3494665466309,rebalance
2020-01-02,XLRE,BUY,50.2234,38.797758915710446,rebalance
2020-02-03,QQQ,SELL,15.5684,220.0959713897705,rebalance
2020-02-03,XLK,SELL,103.9283,95.42091444091798,rebalance
2020-02-03,XLRE,SELL,766.3574,39.382121389770504,rebalance
2020-02-03,XLU,SELL,543.2776,69.07617833862304,rebalance
2020-02-03,VOO,BUY,0.4754,297.17941911621097,rebalance
2020-02-03,XLF,BUY,1261.1566,30.176034076309207,rebalance
2020-03-02,XLP,BUY,837.0694,58.121622610473636,rebalance
2020-03-02,XLK,BUY,16.3628,89.97799108428956,rebalance
2020-03-02,XLRE,SELL,3.1103,36.96260722045898,rebalance
2020-03-02,VOO,SELL,13.3493,273.9452,rebalance
2020-03-02,QQQ,SELL,17.0193,208.83822888183596,rebalance
2020-03-02,XLF,SELL,1258.7896,26.63467138977051,rebalance
2020-04-01,VOO,SELL,149.918,227.87441416931154,rebalance
2020-04-01,XLF,SELL,2.499,19.71605531349182,rebalance
2020-04-01,XLP,SELL,49.7538,52.979403678131106,rebalance
2020-04-01,QQQ,BUY,42.9378,184.80695827331544,rebalance
2020-04-01,XLK,BUY,82.5226,77.60551433715821,rebalance
2020-04-01,XLP,BUY,1.3892,53.00059967880249,rebalance
2020-04-01,XLRE,BUY,1116.0469,29.60592038154602,rebalance
2020-05-01,XLP,BUY,81.2556,57.95158662643432,rebalance
2020-05-01,XLK,BUY,1.1153,89.41788152618409,rebalance
2020-05-01,QQQ,BUY,0.5082,214.54289999999997,rebalance
2020-05-01,XLU,BUY,513.7405,56.601318152618404,rebalance
2020-05-01,XLK,SELL,49.6201,89.38212152557372,rebalance
2020-05-01,QQQ,SELL,24.7307,214.45710000000003,rebalance
2020-05-01,XLRE,SELL,1144.0564,33.08338215255738,rebalance
2020-06-01,XLK,BUY,18.7112,97.52950413665772,rebalance
2020-06-01,QQQ,BUY,0.0163,232.50649871520994,rebalance
2020-06-01,XLU,BUY,0.0033,59.681932168579095,rebalance
2020-06-01,XLP,SELL,26.3188,59.2481463218689,rebalance
2020-06-01,QQQ,SELL,4.2286,232.41351471252443,rebalance
2020-06-01,XLU,SELL,10.1292,59.65806416931153,rebalance
2020-07-01,XLK,SELL,5.6606,104.53908555908203,rebalance
2020-07-01,XLP,SELL,842.062,58.738249999999994,rebalance
2020-07-01,XLU,SELL,504.0343,56.46870354232789,rebalance
2020-07-01,QQQ,BUY,5.7436,247.68952738952635,rebalance
2020-07-01,VOO,BUY,140.7544,284.4268691162109,rebalance
2020-07-01,XLV,BUY,431.9786,100.56010891571046,rebalance
2020-08-03,VOO,BUY,42.0161,301.7103238952636,rebalance
2020-08-03,XLV,BUY,87.8474,106.21124044189452,rebalance
2020-08-03,XLU,SELL,0.4468,60.77784291534424,rebalance
2020-08-03,QQQ,SELL,57.1907,267.94640000000004,rebalance
2020-08-03,XLK,SELL,88.4021,111.90761430511475,rebalance
2020-08-03,XLP,SELL,1.5788,62.717453542327874,rebalance
2020-09-01,QQQ,SELL,18.4659,297.56047111816406,rebalance
2020-09-01,XLK,SELL,24.6102,124.63507166137694,rebalance
2020-09-01,XLP,SELL,0.0008,65.55688569488527,rebalance
2020-09-01,VOO,BUY,0.7807,321.8743595581054,rebalance
2020-09-01,XLV,BUY,16.6174,108.14162674713134,rebalance
2020-10-01,VOO,SELL,23.0771,310.09797166137696,rebalance
2020-10-01,XLV,SELL,2.8882,105.94880722045897,rebalance
2020-10-01,QQQ,BUY,17.0897,281.84636654663086,rebalance
2020-10-01,XLK,BUY,17.4609,118.3436636947632,rebalance
2020-11-02,QQQ,BUY,16.2402,271.90437610473634,rebalance
2020-11-02,XLK,BUY,52.2445,111.73234108428954,rebalance
2020-11-02,VOO,SELL,0.3068,303.309321118164,rebalance
2020-11-02,XLV,SELL,42.0785,103.13937166137694,rebalance
2020-12-01,QQQ,SELL,3.0512,301.90960722045895,rebalance
2020-12-01,XLV,SELL,486.7748,110.77784305114747,rebalance
2020-12-01,VOO,BUY,17.5524,335.9871974304199,rebalance
2020-12-01,XLB,BUY,493.3056,72.21443694763184,rebalance
2020-12-01,XLK,BUY,6.3773,124.5249,rebalance
2021-01-04,VOO,SELL,1.4339,344.95098501586915,rebalance
2021-01-04,XLK,SELL,11.2588,130.6538566772461,rebalance
2021-01-04,XLV,SELL,4.6837,113.85722125396728,rebalance
2021-01-04,QQQ,BUY,13.3607,315.17300734863284,rebalance
2021-01-04,XLB,BUY,4.8097,73.04460477905275,rebalance
2021-02-01,XLB,BUY,115.1102,71.38427674713134,rebalance
2021-02-01,QQQ,BUY,7.9742,318.1736073486328,rebalance
2021-02-01,XLK,BUY,68.6066,130.48609871520995,rebalance
2021-02-01,XLV,SELL,0.018,115.946807220459,rebalance
2021-02-01,VOO,SELL,174.5159,343.56127888183596,rebalance
2021-02-01,IWM,BUY,221.1399,208.21163216857911,rebalance
2021-03-01,XLB,BUY,213.4701,74.53490064239503,rebalance
2021-03-01,XLV,SELL,0.0001,113.50729277954102,rebalance
2021-03-01,XLK,SELL,37.7084,132.88342166137693,rebalance
2021-03-01,IWM,SELL,29.135,223.43529972839355,rebalance
2021-03-01,QQQ,SELL,0.3703,319.2061350158691,rebalance
2021-03-01,VOO,SELL,1.7451,354.47907779541015,rebalance
2021-04-01,IWM,SELL,13.9976,222.35551389770507,rebalance
2021-04-01,QQQ,SELL,11.5705,323.0053933227539,rebalance
2021-04-01,VOO,SELL,0.0246,366.1267722045899,rebalance
2021-04-01,XLB,SELL,22.4322,78.91421430511474,rebalance
2021-04-01,XLK,SELL,9.5936,134.2331425079346,rebalance
2021-05-03,XLE,BUY,692.9575,49.969991084289546,rebalance
2021-05-03,QQQ,BUY,33.9015,339.2978569885254,rebalance
2021-05-03,IWM,BUY,44.2862,227.25544871520998,rebalance
2021-05-03,XLK,SELL,350.1362,140.42190694885255,rebalance
2021-05-03,XLB,SELL,142.413,83.73325,rebalance
2021-05-03,VOO,SELL,0.0001,385.482885559082,rebalance
2021-06-01,QQQ,SELL,38.4211,335.2329277954102,rebalance
2021-06-01,XLB,SELL,22.119,88.25234264373779,rebalance
2021-06-01,XLE,SELL,679.5512,53.229353678131105,rebalance
2021-06-01,XLK,SELL,1.8714,138.99220027160646,rebalance
2021-06-01,XLF,BUY,1611.1579,38.37767293167114,rebalance
2021-06-01,IWM,SELL,30.7528,227.4145147125244,rebalance
2021-07-01,XLE,SELL,13.107,55.08897847442627,rebalance
2021-07-01,XLF,SELL,501.5027,36.862624932098385,rebalance
2021-07-01,XLK,SELL,0.0084,147.43051471252443,rebalance
2021-07-01,IWM,BUY,6.8073,230.85615955810545,rebalance
2021-07-01,QQQ,BUY,41.2958,354.14082132568365,rebalance
2021-07-01,XLB,BUY,18.3262,82.98659522094727,rebalance
2021-08-02,XLF,BUY,31.7032,36.777354457855225,rebalance
2021-08-02,XLB,BUY,7.6156,84.4368821685791,rebalance
2021-08-02,XLE,SELL,0.2991,49.41011416931153,rebalance
2021-08-02,IWM,SELL,6.7308,222.425507220459,rebalance
2021-08-02,QQQ,BUY,10.1199,366.3532547790527,rebalance
2021-09-01,IWM,SELL,14.9708,226.7846358306885,rebalance
2021-09-01,QQQ,SELL,191.963,380.96380054321287,rebalance
2021-09-01,XLB,SELL,28.5624,85.5028926437378,rebalance
2021-09-01,XLE,SELL,0.0002,48.34032847442627,rebalance
2021-09-01,XLB,BUY,0.03,85.53710064239502,rebalance
2021-09-01,XLF,BUY,139.7547,38.43768630523681,rebalance
2021-09-01,XLI,BUY,621.7294,104.75094935760498,rebalance
2021-10-01,QQQ,SELL,0.5498,358.52828610229494,rebalance
2021-10-01,IWM,BUY,73.4364,219.9939869476318,rebalance
2021-10-01,XLB,BUY,136.4875,79.50589586334229,rebalance
2021-10-01,XLE,BUY,570.6586,52.48049522094726,rebalance
2021-10-01,XLF,BUY,81.5073,37.63752706832885,rebalance
2021-11-01,VOO,BUY,169.362,423.2746404418946,rebalance
2021-11-01,QQQ,BUY,148.7417,386.63730955810547,rebalance
2021-11-01,XLI,SELL,620.4823,104.67905694885255,rebalance
2021-11-01,XLF,SELL,36.3419,40.531892915344244,rebalance
2021-11-01,IWM,SELL,3.6857,229.20415000000003,rebalance
2021-11-01,XLB,SELL,772.3579,85.24295013580323,rebalance
2021-12-01,VOO,SELL,167.2035,424.38510722045896,rebalance
2021-12-01,XLB,SELL,1.2506,85.97279986419679,rebalance
2021-12-01,XLI,SELL,1.2284,102.27954305114747,rebalance
2021-12-01,IWM,BUY,7.2118,223.2146321685791,rebalance
2021-12-01,QQQ,BUY,14.3595,398.3596547790528,rebalance
2021-12-01,XLE,BUY,98.4555,55.881172931671145,rebalance
2021-12-01,XLF,BUY,207.6266,38.63772706832886,rebalance
2022-01-03,XLV,SELL,0.0001,140.26193528747558,rebalance
2022-01-03,XLF,BUY,184.8694,39.3478681526184,rebalance
2022-01-03,XLE,BUY,315.9239,55.5911178314209,rebalance
2022-01-03,XLK,BUY,271.6919,174.1348261047363,rebalance
2022-01-03,XLB,SELL,0.0197,90.70185722045898,rebalance
2022-01-03,VOO,SELL,2.1518,437.8424066772461,rebalance
2022-01-03,QQQ,SELL,26.1671,398.9701777954101,rebalance
2022-01-03,IWM,SELL,252.1804,223.6652647125244,rebalance
2022-01-03,XLI,SELL,0.0186,106.00879277954101,rebalance
2022-02-01,IWM,SELL,1.4255,201.61967166137697,rebalance
2022-02-01,QQQ,SELL,136.4165,364.35710667724607,rebalance
2022-02-01,XLE,SELL,269.0379,65.51689277954102,rebalance
2022-02-01,XLF,SELL,146.3408,39.10217861022949,rebalance
2022-02-01,XLK,SELL,6.9781,162.15756444091795,rebalance
2022-02-01,VOO,BUY,162.6166,414.4228643371582,rebalance
2022-02-01,XLE,BUY,1.6007,65.54310477905273,rebalance
2022-03-01,XLK,BUY,24.7601,153.5207034942627,rebalance
2022-03-01,XLF,BUY,43.5029,38.157631526184076,rebalance
2022-03-01,XLE,BUY,29.2769,71.22424108428956,rebalance
2022-03-01,XLB,BUY,685.998,83.15662738952636,rebalance
2022-03-01,XLI,SELL,0.0001,99.51009277954103,rebalance
2022-03-01,QQQ,SELL,0.5201,345.68084999999996,rebalance
2022-03-01,IWM,SELL,0.003,202.61947166137696,rebalance
2022-03-01,VOO,SELL,163.1722,399.9300077636718,rebalance
2022-04-01,XLB,SELL,682.052,88.64227166137695,rebalance
2022-04-01,XLE,SELL,255.3866,76.32472833862306,rebalance
2022-04-01,XLF,SELL,1605.0463,38.57228583068847,rebalance
2022-04-01,XLK,SELL,47.6667,159.05817833862307,rebalance
2022-04-01,XLE,BUY,0.3344,76.35526433715819,rebalance
2022-04-01,XLP,BUY,954.518,76.04520477905274,rebalance
2022-04-01,XLRE,BUY,1401.6105,48.55970923690796,rebalance
2022-05-02,XLK,BUY,60.5397,141.28824650573728,rebalance
2022-05-02,XLU,BUY,1004.5578,71.61431847381593,rebalance
2022-05-02,XLE,BUY,135.3124,74.70494044189454,rebalance
2022-05-02,XLRE,SELL,169.5659,46.72065354232788,rebalance
2022-05-02,XLP,SELL,947.925,78.16436430511476,rebalance
2022-05-02,XLF,SELL,10.84,34.663064169311525,rebalance
2022-05-02,XLB,SELL,3.941,85.1229713897705,rebalance
2022-06-01,XLB,SELL,0.005,86.15276416931152,rebalance
2022-06-01,XLE,SELL,213.4804,88.28234305114745,rebalance
2022-06-01,XLF,SELL,0.0504,35.372925067901605,rebalance
2022-06-01,XLK,SELL,299.1308,141.93161471252444,rebalance
2022-06-01,XLRE,SELL,62.2936,44.38112138977051,rebalance
2022-06-01,XLP,BUY,696.778,74.58491369476317,rebalance
2022-06-01,XLU,BUY,16.587,74.61491847381592,rebalance
2022-07-01,XLP,BUY,286.7611,72.21443694763184,rebalance
2022-07-01,XLK,BUY,335.615,126.34526369476319,rebalance
2022-07-01,XLE,BUY,55.7676,72.39447325286866,rebalance
2022-07-01,XLU,SELL,177.3509,70.47589986419678,rebalance
2022-07-01,XLRE,SELL,1172.0458,40.77184277954102,rebalance
2022-07-01,XLB,SELL,0.0001,72.97539986419679,rebalance
2022-08-01,XLE,SELL,58.5798,77.06458583068849,rebalance
2022-08-01,XLK,SELL,341.9131,142.89141416931153,rebalance
2022-08-01,XLU,SELL,158.5392,73.70525722045898,rebalance
2022-08-01,XLE,BUY,1.018,77.09541783142089,rebalance
2022-08-01,XLP,BUY,65.8077,74.40487738952638,rebalance
2022-08-01,XLRE,BUY,1347.6844,44.14882738952636,rebalance
2022-08-01,XLU,BUY,0.4944,73.73474522094727,rebalance
2022-09-01,XLP,BUY,0.2035,72.87457261047362,rebalance
2022-09-01,XLK,BUY,297.5479,133.96679044189455,rebalance
2022-09-01,XLE,BUY,0.1915,79.32585955810546,rebalance
2022-09-01,XLU,BUY,295.6514,74.06481305236815,rebalance
2022-09-01,XLP,SELL,59.344,72.8454286102295,rebalance
2022-09-01,XLE,SELL,12.7706,79.29413555908204,rebalance
2022-09-01,XLRE,SELL,1358.0686,41.52169277954101,rebalance
2022-10-03,XLK,SELL,295.2116,119.69605722045898,rebalance
2022-10-03,XLP,SELL,18.1893,67.19655708465575,rebalance
2022-10-03,XLU,SELL,255.7236,66.56668583068847,rebalance
2022-10-03,DIA,BUY,200.5512,290.6181095581055,rebalance
2022-10-03,XLE,BUY,38.6105,74.62492261047365,rebalance
2022-11-01,XLP,BUY,10.141,72.93458216857911,rebalance
2022-11-01,XLE,BUY,103.3941,91.52830413665771,rebalance
2022-11-01,XLB,BUY,631.4816,75.20504044189454,rebalance
2022-11-01,DIA,SELL,199.3638,329.30412111816406,rebalance
2022-11-01,XLK,SELL,2.3076,129.43411471252443,rebalance
2022-11-01,XLU,SELL,27.5061,67.16656430511475,rebalance
2022-12-01,XLP,BUY,0.0209,77.06541305236817,rebalance
2022-12-01,DIA,BUY,174.5107,346.81935,rebalance
2022-12-01,XLU,SELL,9.1317,72.11557125396729,rebalance
2022-12-01,XLE,SELL,118.0085,91.77164291534424,rebalance
2022-12-01,XLK,SELL,0.0286,136.06277833862305,rebalance
2022-12-01,XLB,SELL,627.1615,83.30333569488525,rebalance
2022-12-01,XLP,SELL,11.5694,77.03459305114745,rebalance
2023-01-03,DIA,SELL,175.1219,332.3535294250488,rebalance
2023-01-03,XLB,SELL,4.3128,77.79443555908202,rebalance
2023-01-03,XLE,SELL,44.6384,86.90261416931153,rebalance
2023-01-03,XLE,BUY,0.2823,86.93738216857909,rebalance
2023-01-03,XLI,BUY,548.5258,98.79975477905273,rebalance
2023-01-03,XLP,BUY,15.5244,74.60491433715819,rebalance
2023-01-03,XLU,BUY,175.9837,70.71413694763183,rebalance
2023-02-01,XLE,BUY,66.8304,89.52790413665772,rebalance
2023-02-01,XLP,BUY,0.1281,73.69473630523683,rebalance
2023-02-01,XLI,BUY,0.0773,101.46029044189453,rebalance
2023-02-01,XLP,SELL,157.514,73.66526430511473,rebalance
2023-02-01,XLU,BUY,20.013,68.77375413665771,rebalance
2023-02-01,XLI,SELL,19.1436,101.41971444091797,rebalance
2023-02-01,XLB,SELL,0.0073,84.14317166137695,rebalance
2023-02-01,DIA,SELL,0.5791,339.0521711181641,rebalance
2023-02-01,XLK,SELL,0.0001,135.8328286102295,rebalance
2023-03-01,XLE,SELL,35.5253,83.74325013580324,rebalance
2023-03-01,XLP,SELL,837.9001,71.79563555908203,rebalance
2023-03-01,XLU,SELL,53.3527,64.64707166137694,rebalance
2023-03-01,XLB,BUY,689.336,82.0264041366577,rebalance
2023-03-01,XLI,BUY,124.8512,100.90017325286865,rebalance
2023-03-01,XLU,BUY,0.2803,64.67293566284181,rebalance
2023-04-03,XLE,BUY,37.7396,86.33726369476318,rebalance
2023-04-03,DIA,BUY,208.6198,333.6567143371582,rebalance
2023-04-03,XLI,BUY,0.1724,100.98019108428954,rebalance
2023-04-03,XLI,SELL,79.1852,100.93980708465577,rebalance
2023-04-03,XLB,SELL,116.2818,80.80383569488527,rebalance
2023-04-03,XLU,SELL,835.0474,67.42651444091797,rebalance
2023-05-01,XLE,BUY,0.855,84.07680955810548,rebalance
2023-05-01,DIA,BUY,1.0681,341.1682261047363,rebalance
2023-05-01,XLP,BUY,995.4174,77.32545955810548,rebalance
2023-05-01,XLE,SELL,67.1849,84.04318555908202,rebalance
2023-05-01,XLB,SELL,572.3436,80.63387152557374,rebalance
2023-05-01,XLI,SELL,128.1402,99.99000013580323,rebalance
2023-06-01,XLB,SELL,0.707,75.38492152557373,rebalance
2023-06-01,XLP,SELL,995.6913,72.63547152557373,rebalance
2023-06-01,DIA,BUY,5.2338,328.97578566284176,rebalance
2023-06-01,XLE,BUY,113.7909,76.78535064239503,rebalance
2023-06-01,XLI,BUY,136.8232,97.09941783142091,rebalance
2023-06-01,XLK,BUY,218.5584,163.79274650573728,rebalance
2023-07-03,XLI,BUY,0.4085,106.93138566284179,rebalance
2023-07-03,VOO,BUY,178.4133,407.00139743041996,rebalance
2023-07-03,DIA,BUY,0.0288,343.06859999999995,rebalance
2023-07-03,QQQ,BUY,129.6833,370.14402132568364,rebalance
2023-07-03,XLE,SELL,494.2121,81.35372874603271,rebalance
2023-07-03,XLB,SELL,0.0036,82.81343583068849,rebalance
2023-07-03,DIA,SELL,11.6584,342.93140000000005,rebalance
2023-07-03,XLI,SELL,106.582,106.88862166137696,rebalance
2023-08-01,DIA,SELL,203.4637,355.1989350158691,rebalance
2023-08-01,XLE,SELL,1.2226,87.11257125396727,rebalance
2023-08-01,QQQ,BUY,1.5232,382.38645955810546,rebalance
2023-08-01,VOO,BUY,5.2248,419.3438617675781,rebalance
2023-08-01,XLI,BUY,221.1923,110.26204586334228,rebalance
2023-08-01,XLK,BUY,64.4543,177.80555827331546,rebalance
2023-09-01,QQQ,SELL,6.6614,380.3239138977051,rebalance
2023-09-01,VOO,SELL,16.112,416.37669945678715,rebalance
2023-09-01,XLI,SELL,22.9363,108.95820735626219,rebalance
2023-09-01,XLK,SELL,38.1739,176.72464250793456,rebalance
2023-10-02,XLI,BUY,0.3389,101.1102143371582,rebalance
2023-10-02,VOO,BUY,0.0211,391.97837389526364,rebalance
2023-10-02,QQQ,BUY,5.8074,358.6117165466309,rebalance
2023-10-02,XLI,SELL,118.1621,101.06977833862305,rebalance
2023-10-02,VOO,SELL,10.3669,391.8216138977051,rebalance
2023-10-02,DIA,BUY,212.7191,334.35686654663084,rebalance
2023-11-01,DIA,SELL,212.4362,330.85382942504884,rebalance
2023-11-01,QQQ,BUY,16.7483,351.7903452209473,rebalance
2023-11-01,VOO,BUY,21.2224,385.1670143371582,rebalance
2023-11-01,XLE,BUY,463.3637,85.74714935760497,rebalance
2023-11-01,XLI,BUY,19.8241,98.47969108428956,rebalance
2023-12-01,XLK,BUY,57.5421,184.71692867431642,rebalance
2023-12-01,XLI,BUY,56.8663,107.17143152618408,rebalance
2023-12-01,VOO,BUY,0.0111,418.9137525695801,rebalance
2023-12-01,DIA,SELL,0.2828,359.9479850158691,rebalance
2023-12-01,XLE,SELL,463.9121,84.46310735626221,rebalance
2023-12-01,VOO,SELL,8.238,418.74622057495117,rebalance
2023-12-01,QQQ,BUY,0.477,387.82755,rebalance
2024-01-02,XLI,BUY,0.7175,113.25264935760498,rebalance
2024-01-02,XLK,BUY,18.7031,189.89797261047363,rebalance
2024-01-02,VOO,BUY,0.0941,433.99678566284183,rebalance
2024-01-02,XLI,SELL,106.9239,113.20735735626221,rebalance
2024-01-02,QQQ,BUY,6.0365,405.9211643371582,rebalance
2024-01-02,VOO,SELL,14.1539,433.8232216613769,rebalance
2024-01-02,DIA,SELL,0.0001,374.72502779541014,rebalance
2024-02-01,XLI,SELL,525.4196,113.57727847442627,rebalance
2024-02-01,XLK,SELL,46.7957,198.43030722045899,rebalance
2024-02-01,IWM,BUY,254.9982,194.34885955810546,rebalance
2024-02-01,QQQ,BUY,0.921,418.8737665466308,rebalance
2024-02-01,VOO,BUY,24.59,445.4390761047363,rebalance
2024-03-01,DIA,BUY,216.9737,389.92797610473633,rebalance
2024-03-01,XLK,SELL,25.0324,207.46849250793457,rebalance
2024-03-01,XLI,SELL,3.3056,120.93580708465575,rebalance
2024-03-01,IWM,SELL,254.0007,204.489092779541,rebalance
2024-03-01,QQQ,SELL,24.677,439.8120138977051,rebalance
2024-03-01,VOO,SELL,18.2634,467.7364205749511,rebalance
2024-04-01,VOO,BUY,9.6605,481.5362904418945,rebalance
2024-04-01,XLI,BUY,635.5627,126.11521433715819,rebalance
2024-04-01,XLK,SELL,27.5174,208.66826471252443,rebalance
2024-04-01,DIA,SELL,216.9409,397.7404433227539,rebalance
2024-04-01,IWM,SELL,0.9952,210.72785027160643,rebalance
2024-04-01,QQQ,SELL,5.1441,444.88100722045897,rebalance
2024-05-01,DIA,SELL,0.0327,378.3043288818359,rebalance
2024-05-01,IWM,SELL,0.0023,195.84082888183593,rebalance
2024-05-01,VOO,SELL,6.4148,460.67783501586916,rebalance
2024-05-01,XLI,SELL,636.5579,121.30573583068849,rebalance
2024-05-01,QQQ,BUY,5.265,423.23462389526367,rebalance
2024-05-01,VOO,BUY,0.0091,460.8621430114746,rebalance
2024-05-01,XLF,BUY,1980.9704,40.3380678314209,rebalance
2024-05-01,XLK,BUY,40.3629,195.25904522094726,rebalance
2024-06-03,XLF,BUY,0.1163,41.63832706832886,rebalance
2024-06-03,VOO,BUY,7.0462,486.39724779052733,rebalance
2024-06-03,QQQ,BUY,24.9571,454.6609213256836,rebalance
2024-06-03,XLK,SELL,35.8961,211.72765027160642,rebalance
2024-06-03,XLF,SELL,484.9288,41.621675067901606,rebalance
2024-07-01,QQQ,SELL,21.5833,479.94400054321284,rebalance
2024-07-01,XLK,SELL,39.114,226.52469332275393,rebalance
2024-07-01,VOO,BUY,6.6558,501.5902882324219,rebalance
2024-07-01,XLF,BUY,370.2996,41.288254779052735,rebalance
2024-08-01,QQQ,SELL,29.1145,471.6656577636719,rebalance
2024-08-01,VOO,SELL,18.8486,507.73842833862307,rebalance
2024-08-01,XLK,SELL,16.3895,218.15635694885253,rebalance
2024-08-01,DIA,BUY,216.5468,409.7819522094727,rebalance
2024-08-01,XLK,BUY,0.0449,218.24363694763184,rebalance
2024-09-03,XLI,BUY,686.2918,130.83615955810546,rebalance
2024-09-03,XLF,BUY,28.0942,45.509100000000004,rebalance
2024-09-03,VOO,BUY,0.1055,515.2230191162109,rebalance
2024-09-03,VOO,SELL,18.6229,515.0169711181641,rebalance
2024-09-03,DIA,SELL,217.6029,414.1071644409179,rebalance
2024-09-03,QQQ,BUY,15.7319,473.2946522094727,rebalance
2024-10-01,QQQ,SELL,2.141,487.60247220458984,rebalance
2024-10-01,XLI,SELL,84.9414,135.34292111816404,rebalance
2024-10-01,QQQ,BUY,0.0015,487.79755220947266,rebalance
2024-10-01,VOO,BUY,22.6816,527.1453860229492,rebalance
2024-10-01,XLF,BUY,98.0315,45.20904076309205,rebalance
2024-10-01,XLI,BUY,0.0438,135.39706911621096,rebalance
2024-11-01,VOO,SELL,163.934,525.0549411499023,rebalance
2024-11-01,XLF,SELL,348.312,46.620675067901615,rebalance
2024-11-01,QQQ,BUY,27.6128,485.59709999999995,rebalance
2024-11-01,XLI,BUY,79.7507,134.53689650573733,rebalance
2024-11-01,XLK,BUY,83.0105,222.52449172668457,rebalance
2024-12-02,XLI,BUY,0.1163,143.92877389526365,rebalance
2024-12-02,VOO,BUY,176.4941,554.4708573486328,rebalance
2024-12-02,XLI,SELL,186.0679,143.8712138977051,rebalance
2024-12-02,QQQ,BUY,14.4703,511.1122117675782,rebalance
2024-12-02,XLF,SELL,569.5008,51.40971416931153,rebalance
2025-01-02,QQQ,SELL,158.9594,514.1971277954101,rebalance
2025-01-02,VOO,SELL,36.7391,541.9116155273437,rebalance
2025-01-02,XLK,SELL,251.7649,234.3131286102295,rebalance
2025-01-02,IWM,BUY,246.2492,222.97457867431643,rebalance
2025-01-02,XLF,BUY,424.1538,48.5897178314209,rebalance
2025-01-02,XLI,BUY,125.7631,132.7565417266846,rebalance
2025-02-03,XLF,BUY,221.9349,50.760149999999996,rebalance
2025-02-03,VOO,BUY,33.4002,545.0989882324218,rebalance
2025-02-03,XLK,BUY,214.446,225.74513694763186,rebalance
2025-02-03,XLI,SELL,632.0115,135.90280667724608,rebalance
2025-02-03,IWM,SELL,251.7742,221.4656925079346,rebalance
2025-02-03,QQQ,BUY,130.3033,513.5726646972657,rebalance
2025-03-03,QQQ,SELL,11.5714,511.4176850158691,rebalance
2025-03-03,VOO,SELL,16.3315,548.0903722045898,rebalance
2025-03-03,XLF,SELL,97.6738,52.309535694885255,rebalance
2025-03-03,XLK,SELL,215.3307,226.64466444091795,rebalance
2025-03-03,XLU,BUY,1066.6169,79.15582738952637,rebalance
2025-04-01,XLF,SELL,116.9537,49.610074932098385,rebalance
2025-04-01,XLK,SELL,1.112,205.61887166137694,rebalance
2025-04-01,QQQ,BUY,12.2879,467.3934477905274,rebalance
2025-04-01,VOO,BUY,0.8775,512.4624573486328,rebalance
2025-04-01,XLF,BUY,0.4476,49.629922931671146,rebalance
2025-04-01,XLU,BUY,101.4423,78.81576305236817,rebalance
2025-05-01,XLU,BUY,39.8896,79.40587738952638,rebalance
2025-05-01,XLP,BUY,1172.4478,81.30625891571046,rebalance
2025-05-01,XLF,BUY,0.8375,48.5897178314209,rebalance
2025-05-01,VOO,SELL,41.0365,515.0269788818359,rebalance
2025-05-01,QQQ,SELL,129.8067,483.3133216613769,rebalance
2025-05-01,XLF,SELL,226.089,48.570285830688476,rebalance
2025-06-02,VOO,SELL,117.7739,540.14195,rebalance
2025-06-02,XLP,SELL,1175.8549,82.57347833862303,rebalance
2025-06-02,XLU,SELL,190.5331,81.55368569488525,rebalance
2025-06-02,QQQ,BUY,131.7909,517.3434382324219,rebalance
2025-06-02,XLF,BUY,444.0281,50.62012261047363,rebalance
2025-06-02,XLRE,BUY,1991.7324,41.438286305236815,rebalance
2025-06-02,XLU,BUY,0.8172,81.58631369476319,rebalance
2025-07-01,XLI,BUY,638.8051,147.1894356628418,rebalance
2025-07-01,XLU,BUY,4.1874,81.64632325286865,rebalance
2025-07-01,XLF,BUY,0.721,52.2504496788025,rebalance
2025-07-01,QQQ,BUY,11.1244,549.8399264648438,rebalance
2025-07-01,XLRE,SELL,1995.1041,41.341728474426276,rebalance
2025-07-01,XLF,SELL,289.8401,52.2295536781311,rebalance
2025-08-01,QQQ,SELL,146.6874,558.7182510864259,rebalance
2025-08-01,XLF,SELL,32.5456,51.70965722045898,rebalance
2025-08-01,XLI,SELL,95.9881,149.92000694885252,rebalance
2025-08-01,XLU,SELL,142.8219,85.55288569488525,rebalance
2025-08-01,DIA,BUY,214.2664,437.83754999999996,rebalance
2025-08-01,XLF,BUY,0.4089,51.73034522094727,rebalance
2025-08-01,XLI,BUY,1.3183,149.97998694763186,rebalance
2025-08-01,XLU,BUY,0.1668,85.58711369476319,rebalance
2025-09-02,XLF,BUY,253.6348,53.71074076309205,rebalance
2025-09-02,XLI,BUY,60.875,150.45008216857912,rebalance
2025-09-02,DIA,SELL,216.21,451.8995922363281,rebalance
2025-09-02,QQQ,BUY,128.7527,561.4222595581055,rebalance
2025-09-02,XLK,BUY,243.6229,257.86155955810545,rebalance
2025-10-01,XLF,BUY,1.0831,53.620722610473635,rebalance
2025-10-01,QQQ,BUY,50.7475,597.2894169067383,rebalance
2025-10-01,XLI,BUY,0.1575,153.51069172668457,rebalance
2025-10-01,XLI,SELL,32.2643,153.44929972839356,rebalance
2025-10-01,XLF,SELL,223.3969,53.59927861022949,rebalance
2025-10-01,XLU,SELL,878.0536,87.36252125396729,rebalance
2025-10-01,XLK,BUY,35.955,280.47609743041994,rebalance
